"","X","X.1","X.2","X0","X1","X2","X3","X4","X5","X6","X7","X8","X9","X10","X11","X12","X13","X14","X15","X16","X17","X18","X19","X20","X21","X22","X23","X24","X25","X26","X27","X28","X29","X30","X31","X32","X33","X34","X35","X36","X37","X38","X39","X40","X41","X42","X43","X44","X45","X46","X47","X48","X49"
"1","AP",100,"asexual_diploid",1,1,1,1,1,0.9933,0.9995,0.9985,0.9878,0.9791,0.9928,0.9561,0.9697,0.9823,0.9773,0.9216,0.9593,0.9844,0.9364,0.9554,0.9607,0.9288,0.9391,0.9209,0.9413,0.9308,0.9192,0.9038,0.9417,0.9422,0.9385,0.9244,0.9366,0.9114,0.9269,0.9352,0.9372,0.9224,0.9136,0.911,0.8816,0.9239,0.9197,0.918,0.9158,0.9032,0.9054,0.9224,0.9013,0.885
"2","AP",100,"asexual_diploid",1,1,1,1,1,1,1,0.9984,0.9957,0.9824,0.9606,0.984,0.9786,0.9807,0.9496,0.9782,0.9214,0.9312,0.9695,0.9456,0.9574,0.9355,0.9349,0.9327,0.9382,0.9307,0.921,0.9319,0.9234,0.9534,0.9146,0.9274,0.9237,0.9258,0.9081,0.9154,0.9368,0.919,0.9263,0.9258,0.9046,0.893,0.9117,0.921,0.9143,0.8965,0.9125,0.9116,0.8945,0.9073
"3","AP",100,"asexual_diploid",1,1,1,1,0.9987,0.9843,0.9776,0.9954,1,0.9816,0.9799,0.9896,0.9832,0.9669,0.9508,0.965,0.9544,0.9719,0.9501,0.9525,0.9433,0.9346,0.9407,0.9372,0.9361,0.9425,0.958,0.9287,0.9055,0.9187,0.9204,0.943,0.9261,0.9161,0.9259,0.9252,0.9384,0.9172,0.9167,0.9071,0.9118,0.9114,0.9082,0.9076,0.8939,0.919,0.9146,0.8991,0.9092,0.902
"4","AP",100,"sexual",1,1,1,1,0.9904,0.9947,1,0.9784,0.9986,1,0.9847,0.9774,0.9751,0.9694,0.9571,0.9596,0.9305,0.955,0.9509,0.9575,0.9272,0.9238,0.9501,0.9392,0.9205,0.9407,0.9627,0.9317,0.9248,0.9094,0.907,0.9401,0.9442,0.9286,0.9115,0.9244,0.944,0.9172,0.9123,0.9146,0.9258,0.9163,0.9136,0.9118,0.8939,0.9175,0.8996,0.9051,0.9177,0.9018
"5","AP",100,"sexual",1,1,1,1,1,1,0.999,0.9852,0.9827,0.9749,0.9821,0.9854,0.9878,0.9563,0.9734,0.9646,0.95,0.9291,0.9828,0.9531,0.9586,0.9109,0.9141,0.9186,0.9581,0.926,0.914,0.9282,0.9268,0.9411,0.9224,0.9296,0.928,0.9231,0.9109,0.9029,0.9347,0.9215,0.9227,0.9481,0.9158,0.8899,0.9182,0.9117,0.9113,0.9016,0.917,0.9101,0.8966,0.9046
"6","AP",100,"sexual",1,1,1,1,1,0.9766,1,0.9874,1,0.971,0.9889,0.9437,0.9773,0.9646,0.9726,0.9278,0.9617,0.9862,0.939,0.9485,0.9684,0.9346,0.9355,0.9386,0.9307,0.9162,0.9086,0.9269,0.9445,0.9423,0.9232,0.9072,0.9288,0.9151,0.9206,0.9287,0.9214,0.9322,0.9288,0.9086,0.873,0.9112,0.9246,0.9095,0.925,0.9133,0.9172,0.9224,0.9051,0.9078
"7","AP",200,"asexual_diploid",1,1,1,1,1,1,0.9943,0.9898,0.9942,0.9841,0.9808,0.9546,0.9698,0.9828,0.9821,0.9296,0.9549,0.9897,0.9288,0.9556,0.9401,0.9353,0.9291,0.9441,0.9444,0.9234,0.9213,0.9299,0.9379,0.9517,0.9416,0.9232,0.9306,0.9186,0.9085,0.9331,0.9248,0.9284,0.9158,0.9076,0.886,0.921,0.9213,0.9143,0.9198,0.9035,0.9119,0.9285,0.8992,0.8925
"8","AP",200,"asexual_diploid",1,1,1,1,1,1,1,1,0.9943,0.9828,0.9602,0.9832,0.9789,0.9505,0.9504,0.9832,0.9531,0.935,0.9651,0.9489,0.9612,0.9211,0.9412,0.9206,0.9381,0.9309,0.9113,0.9316,0.9248,0.9417,0.9245,0.9449,0.9198,0.9237,0.8956,0.9053,0.9449,0.9184,0.9219,0.9244,0.9048,0.8917,0.9219,0.9103,0.9034,0.9012,0.9194,0.9212,0.8975,0.8969
"9","AP",200,"asexual_diploid",1,1,1,1,1,1,0.9964,0.9953,1,0.9835,0.9817,1,0.9707,0.9661,0.9678,0.9588,0.9252,0.9629,0.9389,0.9492,0.9446,0.9309,0.9476,0.9454,0.9288,0.9504,0.9576,0.931,0.9114,0.9161,0.9275,0.9373,0.9301,0.9173,0.9201,0.9218,0.9294,0.9183,0.9169,0.9104,0.9113,0.9064,0.902,0.9041,0.8931,0.9146,0.9145,0.8965,0.9079,0.9014
"10","AP",200,"sexual",1,1,1,1,0.9906,1,0.9861,0.9978,1,0.9797,0.9952,1,0.9823,0.963,0.944,0.9459,0.9326,0.9514,0.9616,0.9365,0.9502,0.9222,0.9548,0.9347,0.9406,0.9628,0.9669,0.9346,0.9019,0.9135,0.909,0.9276,0.9287,0.9147,0.9281,0.9259,0.9396,0.9221,0.9122,0.9106,0.9119,0.9132,0.9142,0.9118,0.8908,0.9138,0.8984,0.9037,0.9092,0.8912
"11","AP",200,"sexual",1,1,1,1,1,1,0.9958,1,0.9908,0.9953,0.9503,0.9693,0.9705,0.9733,0.9697,0.9786,0.9627,0.9497,0.9652,0.9383,0.9639,0.9174,0.9362,0.9241,0.9279,0.9176,0.9122,0.9347,0.9166,0.9489,0.9259,0.9436,0.9216,0.9208,0.9097,0.9057,0.9396,0.9153,0.9248,0.9311,0.9043,0.8976,0.9081,0.9038,0.9033,0.9056,0.9076,0.9174,0.9002,0.907
"12","AP",200,"sexual",1,1,1,1,1,0.9962,0.9933,0.9976,1,0.9876,0.9961,0.9551,0.9749,0.9808,0.9772,0.9231,0.9633,0.9862,0.9003,0.9508,0.955,0.9371,0.9256,0.94,0.9396,0.9163,0.9194,0.9164,0.9472,0.9432,0.9273,0.9207,0.9272,0.9228,0.9217,0.9324,0.9293,0.9448,0.9213,0.9214,0.8923,0.9246,0.9123,0.9235,0.9168,0.9092,0.912,0.9276,0.8925,0.8907
"13","AP",300,"asexual_diploid",1,1,1,1,1,1,0.9981,1,0.987,0.9888,0.9636,0.989,0.9757,0.9807,0.937,0.9675,0.9329,0.9274,0.9755,0.9482,0.96,0.9289,0.9308,0.9255,0.9516,0.9253,0.9154,0.9389,0.9239,0.9471,0.9294,0.9412,0.9277,0.9196,0.9023,0.9127,0.9403,0.9222,0.9139,0.9279,0.9004,0.8991,0.9132,0.9189,0.8993,0.9014,0.9056,0.908,0.8937,0.9134
"14","AP",300,"asexual_diploid",1,1,1,1,1,0.9974,0.9984,0.9883,0.9837,0.9794,1,0.9495,0.9732,0.9637,0.9682,0.9305,0.9627,0.9802,0.9301,0.9596,0.9655,0.9281,0.9397,0.932,0.9329,0.9331,0.9252,0.9112,0.9458,0.9364,0.9425,0.9119,0.9352,0.9148,0.9128,0.9307,0.924,0.923,0.9217,0.909,0.8815,0.9192,0.9251,0.9149,0.9155,0.9127,0.9142,0.9277,0.9152,0.881
"15","AP",300,"asexual_diploid",1,1,1,1,0.995,0.9984,1,0.9877,0.9952,0.9964,0.979,1,0.9723,0.9567,0.9586,0.9514,0.934,0.9629,0.9391,0.9643,0.9452,0.9293,0.9453,0.9403,0.9434,0.953,0.9649,0.9347,0.9108,0.9223,0.9237,0.9351,0.9355,0.9202,0.9262,0.9132,0.9421,0.9297,0.9145,0.9069,0.914,0.9048,0.901,0.9136,0.8917,0.9228,0.9098,0.8895,0.914,0.8961
"16","AP",300,"sexual",1,1,1,1,1,1,1,1,1,0.9822,0.9693,0.9768,0.9801,0.9572,0.9449,0.9894,0.9561,0.9358,0.9741,0.9433,0.9538,0.9145,0.9182,0.9262,0.9331,0.9306,0.9256,0.9189,0.9211,0.9409,0.9224,0.9344,0.9199,0.923,0.9032,0.9076,0.9364,0.9216,0.9277,0.9178,0.9151,0.8983,0.9167,0.9111,0.9104,0.8962,0.9264,0.9149,0.8956,0.9057
"17","AP",300,"sexual",1,1,1,1,1,0.9863,0.9992,0.9863,1,0.9995,1,1,0.9746,0.9684,0.9653,0.958,0.9423,0.9763,0.9423,0.953,0.9418,0.9314,0.948,0.9442,0.9343,0.9605,0.9686,0.932,0.8917,0.9107,0.9155,0.9326,0.938,0.9267,0.916,0.9226,0.9459,0.9106,0.9214,0.8973,0.9178,0.9084,0.8972,0.9013,0.8911,0.9189,0.8931,0.8901,0.9137,0.9069
"18","AP",300,"sexual",1,1,1,1,1,1,1,1,1,0.9869,0.9914,0.9443,0.9948,0.9774,0.974,0.9371,0.9524,0.9833,0.9395,0.9596,0.947,0.9336,0.9384,0.9257,0.9308,0.9291,0.9182,0.9183,0.9339,0.9327,0.9375,0.9306,0.9286,0.9076,0.9046,0.9323,0.9246,0.9291,0.9174,0.9059,0.8897,0.9184,0.925,0.9243,0.9134,0.8924,0.9053,0.9164,0.9078,0.8846
"19","AP",400,"asexual_diploid",1,1,1,1,1,0.9754,0.9997,1,1,0.9928,0.9914,0.9981,0.9584,0.9652,0.9571,0.9569,0.9326,0.9629,0.9564,0.9567,0.9452,0.926,0.9465,0.9429,0.9406,0.9464,0.9661,0.9369,0.902,0.9182,0.9144,0.9398,0.9292,0.9186,0.9147,0.9269,0.9421,0.9245,0.9096,0.9092,0.9148,0.9139,0.9079,0.9065,0.9002,0.912,0.9016,0.9012,0.9136,0.895
"20","AP",400,"asexual_diploid",1,1,1,0.9992,1,1,1,0.9856,0.9893,0.9919,1,0.9559,0.9725,0.9802,0.975,0.9328,0.9594,0.992,0.9271,0.9606,0.9581,0.9355,0.9443,0.9312,0.9426,0.9346,0.9089,0.9131,0.9493,0.9391,0.9285,0.9251,0.9312,0.9191,0.9029,0.9357,0.9307,0.9192,0.9148,0.9035,0.8875,0.9187,0.9211,0.9152,0.9116,0.9077,0.9074,0.9294,0.9045,0.8895
"21","AP",400,"asexual_diploid",1,1,1,1,1,1,0.9913,1,0.9889,0.9966,0.9595,0.9783,0.9743,0.9725,0.9537,0.9732,0.9351,0.9279,0.9673,0.9327,0.9783,0.9286,0.9405,0.9178,0.9364,0.9313,0.9122,0.9271,0.9269,0.9507,0.9222,0.9427,0.9227,0.916,0.9068,0.9074,0.9331,0.9239,0.9267,0.9234,0.9072,0.8931,0.9182,0.9109,0.9102,0.9032,0.9109,0.9156,0.9012,0.9016
"22","AP",400,"sexual",1,1,1,1,1,1,1,1,0.9989,1,0.9658,0.9901,0.9838,0.9638,0.9337,0.9747,0.9495,0.9286,0.9765,0.9517,0.9575,0.9247,0.9422,0.9205,0.9335,0.935,0.9141,0.9285,0.9235,0.9495,0.9486,0.922,0.9083,0.9219,0.9033,0.9062,0.9343,0.9262,0.9214,0.9208,0.9093,0.896,0.9154,0.9151,0.9051,0.8934,0.9136,0.9124,0.8944,0.9084
"23","AP",400,"sexual",1,1,1,1,1,1,1,1,0.9899,0.977,1,0.9587,0.9838,0.9826,0.9688,0.934,0.9707,0.9905,0.9226,0.9519,0.9495,0.9327,0.9341,0.9269,0.9371,0.9476,0.9097,0.9105,0.9388,0.9487,0.9429,0.9192,0.9346,0.8985,0.9134,0.9278,0.9324,0.9228,0.9141,0.9022,0.8856,0.9212,0.928,0.9163,0.9175,0.9133,0.9107,0.9202,0.8913,0.8865
"24","AP",400,"sexual",1,1,1,1,1,1,1,0.9987,1,0.9914,0.9932,1,0.9705,0.9714,0.9672,0.9458,0.9372,0.9678,0.9506,0.9514,0.9382,0.9225,0.9482,0.9325,0.9228,0.9437,0.9643,0.9326,0.9093,0.905,0.9165,0.9361,0.9157,0.9145,0.9219,0.9378,0.9339,0.9259,0.9158,0.9023,0.9244,0.9162,0.895,0.9098,0.8849,0.9251,0.9065,0.9013,0.9082,0.9048
"25","AP",500,"asexual_diploid",1,1,1,1,1,1,1,1,0.985,0.9982,0.963,0.9954,0.987,0.9638,0.9498,0.9805,0.9494,0.9385,0.9813,0.9333,0.9532,0.9198,0.936,0.9306,0.9448,0.9266,0.9038,0.9233,0.9114,0.9477,0.9242,0.9382,0.9238,0.9223,0.904,0.9038,0.9336,0.9217,0.9242,0.9291,0.9152,0.8837,0.9224,0.9173,0.9026,0.9017,0.9065,0.917,0.897,0.8975
"26","AP",500,"asexual_diploid",1,1,1,1,1,1,0.9959,0.9947,1,0.9737,0.9918,0.9667,0.9737,0.9831,0.9798,0.926,0.9642,0.9814,0.942,0.9524,0.9596,0.9354,0.9367,0.9231,0.9353,0.9274,0.9119,0.9226,0.9442,0.9293,0.9448,0.9153,0.9353,0.9223,0.9124,0.9276,0.9354,0.9254,0.911,0.9165,0.8751,0.924,0.9211,0.9134,0.9129,0.9041,0.9122,0.9199,0.9033,0.8848
"27","AP",500,"asexual_diploid",1,1,1,1,1,0.9823,0.9997,0.9903,1,0.9914,0.9901,0.9946,0.9771,0.9629,0.9588,0.956,0.9404,0.9643,0.9537,0.9732,0.9335,0.9425,0.945,0.9483,0.9323,0.9498,0.9559,0.9384,0.9135,0.9069,0.917,0.9359,0.9189,0.9159,0.9153,0.9179,0.9422,0.9157,0.9048,0.91,0.9121,0.9139,0.9012,0.9079,0.8979,0.9145,0.9111,0.9024,0.9076,0.9007
"28","AP",500,"sexual",1,1,1,1,1,1,1,1,1,0.9931,0.9883,0.9938,0.9772,0.9663,0.9662,0.9472,0.9245,0.9599,0.9737,0.9567,0.9325,0.9204,0.9434,0.9446,0.9271,0.9541,0.961,0.9165,0.9093,0.9075,0.9175,0.9388,0.9224,0.9272,0.912,0.9159,0.9311,0.9181,0.9214,0.9049,0.9265,0.904,0.8953,0.9071,0.9057,0.9094,0.9101,0.8999,0.9117,0.8951
"29","AP",500,"sexual",1,1,1,1,1,1,1,1,0.9993,0.9991,0.9609,0.9981,0.9819,0.963,0.9783,0.9586,0.9311,0.9098,0.9715,0.9517,0.95,0.9084,0.932,0.9431,0.9368,0.9359,0.891,0.9246,0.9203,0.9496,0.9242,0.9364,0.9157,0.9189,0.8993,0.9065,0.9463,0.9185,0.9301,0.9231,0.9113,0.8975,0.9283,0.9084,0.9054,0.8944,0.9194,0.9169,0.8996,0.9107
"30","AP",500,"sexual",1,1,1,1,1,0.9934,1,0.9863,0.9989,0.9994,1,0.9701,0.986,1,0.9818,0.9161,0.9635,1,0.9426,0.9459,0.9624,0.9397,0.9411,0.9202,0.9419,0.9264,0.917,0.9161,0.9396,0.9449,0.927,0.9163,0.919,0.921,0.9187,0.9344,0.927,0.9188,0.9137,0.9093,0.8764,0.9148,0.9173,0.9158,0.9112,0.9067,0.898,0.9149,0.8892,0.8862
"31","AP",600,"asexual_diploid",1,1,1,1,1,0.9872,1,0.999,1,0.9907,0.9847,0.9598,0.9749,0.9818,0.978,0.9297,0.9556,0.9861,0.9382,0.9628,0.9529,0.9329,0.938,0.9255,0.941,0.9238,0.9243,0.9152,0.9401,0.942,0.9421,0.9143,0.9278,0.9158,0.9154,0.9237,0.9328,0.9183,0.9177,0.9048,0.8754,0.9137,0.9191,0.9208,0.9138,0.9069,0.9142,0.9207,0.9075,0.8821
"32","AP",600,"asexual_diploid",1,1,1,1,1,1,1,1,1,1,0.9587,0.9885,0.9811,0.9628,0.9613,0.9747,0.9386,0.9214,0.9632,0.9382,0.9699,0.9256,0.9351,0.9245,0.9425,0.9329,0.9049,0.9178,0.9169,0.9462,0.9213,0.9301,0.9184,0.9282,0.9076,0.9033,0.934,0.9189,0.9183,0.9338,0.9035,0.9021,0.9086,0.9131,0.9049,0.8966,0.911,0.9172,0.9042,0.9042
"33","AP",600,"asexual_diploid",1,1,1,1,1,0.9965,1,0.9942,1,0.9936,0.983,0.9982,0.9722,0.9719,0.9572,0.9663,0.9345,0.9724,0.9508,0.9633,0.9339,0.9276,0.946,0.9419,0.9401,0.9439,0.9509,0.9363,0.9127,0.9161,0.9281,0.9318,0.9143,0.9343,0.9117,0.9196,0.9415,0.9158,0.9133,0.9084,0.9185,0.9057,0.8962,0.9105,0.9008,0.9086,0.9042,0.8975,0.9089,0.8938
"34","AP",600,"sexual",1,1,1,1,1,1,1,1,1,0.9981,0.9766,1,0.9921,0.9716,0.9659,0.9629,0.9391,0.9323,0.9754,0.9391,0.9534,0.9199,0.9293,0.9183,0.9441,0.9307,0.9068,0.9223,0.9386,0.9488,0.9185,0.9305,0.9078,0.9168,0.9017,0.9097,0.9471,0.9152,0.9362,0.9275,0.9002,0.9137,0.9059,0.8948,0.9057,0.9031,0.91,0.9047,0.8983,0.9038
"35","AP",600,"sexual",1,1,1,1,1,1,1,0.9996,1,0.992,0.9914,1,0.974,0.9667,0.9508,0.96,0.9487,0.9747,0.9468,0.9654,0.9277,0.9316,0.9374,0.9463,0.9317,0.9427,0.9501,0.9209,0.918,0.913,0.9061,0.9322,0.9254,0.9335,0.9203,0.9206,0.956,0.9179,0.9197,0.8996,0.9114,0.8992,0.8924,0.9191,0.8865,0.9085,0.9019,0.8985,0.9135,0.8953
"36","AP",600,"sexual",1,1,1,1,1,1,1,0.9984,0.9968,0.9842,0.9963,0.9574,0.9795,0.9938,0.9726,0.9288,0.9695,0.9837,0.917,0.9624,0.9629,0.9314,0.9387,0.9196,0.94,0.9274,0.9006,0.9242,0.9683,0.9336,0.9454,0.9149,0.9156,0.9152,0.9081,0.9149,0.9403,0.9389,0.9159,0.8997,0.8811,0.9158,0.9139,0.9134,0.9105,0.9153,0.9167,0.9253,0.8955,0.8876
"37","AP",700,"asexual_diploid",1,1,1,1,1,1,0.9977,1,1,0.9905,0.9664,0.99,0.9932,0.9762,0.9627,0.9767,0.9426,0.9324,0.9685,0.9482,0.9629,0.9201,0.9372,0.9176,0.9355,0.926,0.9098,0.9351,0.9117,0.9534,0.919,0.9326,0.9193,0.917,0.9034,0.9046,0.9384,0.9238,0.9257,0.9209,0.9044,0.8878,0.9081,0.9181,0.9077,0.9048,0.9161,0.9084,0.8984,0.9114
"38","AP",700,"asexual_diploid",1,1,1,1,1,0.9999,1,0.9968,1,0.9897,1,0.9955,0.9733,0.9684,0.9596,0.9587,0.9319,0.9634,0.9383,0.9583,0.9379,0.9237,0.9438,0.9434,0.936,0.9422,0.9589,0.9221,0.9164,0.9178,0.9126,0.9305,0.9256,0.9256,0.9217,0.9101,0.9376,0.9182,0.9228,0.9085,0.9095,0.9196,0.9073,0.9175,0.8921,0.9166,0.9099,0.9022,0.9067,0.9013
"39","AP",700,"asexual_diploid",1,1,1,1,1,1,1,0.9923,0.9941,0.987,0.9903,0.9693,0.9745,0.9727,0.971,0.9259,0.9595,0.9944,0.9188,0.9619,0.965,0.9288,0.9312,0.9414,0.9419,0.9246,0.9181,0.9178,0.9418,0.9434,0.9379,0.9101,0.9374,0.913,0.9088,0.9291,0.9348,0.934,0.9109,0.907,0.8756,0.9198,0.9224,0.92,0.9093,0.9102,0.9074,0.925,0.8974,0.8785
"40","AP",700,"sexual",1,1,1,1,1,1,1,1,1,1,0.9674,1,0.9961,0.9753,0.9719,0.9762,0.94,0.9373,0.9746,0.9537,0.9581,0.9312,0.9208,0.9415,0.9367,0.9221,0.8998,0.9194,0.9118,0.9374,0.9232,0.9286,0.9066,0.9135,0.9051,0.9002,0.9369,0.9169,0.9238,0.9207,0.8969,0.8975,0.9021,0.914,0.9047,0.9091,0.9159,0.9139,0.8936,0.8994
"41","AP",700,"sexual",1,1,1,1,1,0.9988,1,1,1,1,0.9997,1,0.9848,0.9758,0.9584,0.9555,0.9501,0.9505,0.9623,0.9481,0.9457,0.9267,0.9435,0.9346,0.9407,0.9313,0.9557,0.9224,0.9049,0.9089,0.9173,0.9425,0.9159,0.9308,0.9223,0.9153,0.9483,0.9157,0.9267,0.9055,0.9047,0.9079,0.9158,0.906,0.8893,0.915,0.9016,0.8888,0.9058,0.8948
"42","AP",700,"sexual",1,1,1,1,1,1,1,1,1,0.9887,0.9963,0.9824,0.9816,0.9785,0.9949,0.9255,0.9515,0.9939,0.9449,0.966,0.9509,0.9391,0.9446,0.9289,0.9428,0.9415,0.9039,0.9125,0.9508,0.9391,0.9361,0.9127,0.9211,0.92,0.909,0.9344,0.9247,0.919,0.9185,0.8944,0.872,0.9162,0.9105,0.9147,0.9129,0.918,0.9042,0.9087,0.8904,0.8955
"43","AP",800,"asexual_diploid",1,1,1,1,1,1,1,1,1,0.9971,0.9673,0.9861,0.9768,0.9693,0.958,0.9824,0.9457,0.9199,0.9774,0.9492,0.9482,0.9304,0.9276,0.9321,0.9371,0.9222,0.9068,0.9316,0.9229,0.9515,0.9157,0.9451,0.9157,0.9242,0.8979,0.9082,0.9403,0.9208,0.924,0.9268,0.8984,0.8977,0.9122,0.9099,0.9068,0.9012,0.9071,0.9127,0.8939,0.8954
"44","AP",800,"asexual_diploid",1,1,1,1,1,1,0.999,0.9995,0.996,0.9884,1,0.945,0.9884,0.9826,0.9804,0.9312,0.9695,0.9851,0.938,0.9635,0.9561,0.9329,0.9349,0.9348,0.9382,0.9357,0.9123,0.9303,0.9432,0.9211,0.9426,0.912,0.9446,0.9128,0.9066,0.9273,0.9276,0.9214,0.9187,0.8994,0.8757,0.9148,0.9147,0.9125,0.9166,0.9031,0.9194,0.9215,0.9034,0.8792
"45","AP",800,"asexual_diploid",1,1,1,1,1,0.9994,1,1,1,0.9972,0.9919,1,0.9713,0.9596,0.9612,0.9551,0.9294,0.9637,0.937,0.9647,0.9412,0.9226,0.9538,0.9269,0.9374,0.941,0.9619,0.9408,0.9101,0.9173,0.9165,0.9301,0.9275,0.9219,0.9143,0.9223,0.937,0.9201,0.915,0.9089,0.9143,0.9035,0.9096,0.9076,0.8918,0.9119,0.901,0.8958,0.9109,0.9171
"46","AP",800,"sexual",1,1,1,1,1,1,1,1,1,0.9877,1,0.9562,0.9804,0.9824,0.9841,0.926,0.9611,0.9863,0.925,0.9698,0.9553,0.9407,0.9369,0.927,0.9342,0.918,0.9026,0.9108,0.9488,0.941,0.93,0.925,0.9313,0.9149,0.9137,0.9308,0.9291,0.9134,0.9225,0.8958,0.881,0.9119,0.9128,0.9172,0.925,0.9103,0.909,0.9209,0.9059,0.8815
"47","AP",800,"sexual",1,1,1,1,1,1,1,1,1,0.9932,0.9821,0.9997,0.9823,0.989,0.9603,0.9934,0.9525,0.9227,0.9645,0.9324,0.9587,0.9197,0.931,0.9127,0.9383,0.9249,0.9165,0.939,0.9187,0.9475,0.9366,0.9435,0.9016,0.9209,0.8956,0.8973,0.9509,0.9184,0.9286,0.9138,0.8972,0.8928,0.9095,0.9151,0.9064,0.8972,0.914,0.9211,0.8941,0.9011
"48","AP",800,"sexual",1,1,1,1,1,1,1,1,1,1,0.997,1,0.9717,0.9849,0.9613,0.954,0.9214,0.9764,0.9472,0.9585,0.9357,0.9278,0.9561,0.9362,0.932,0.9558,0.9626,0.9317,0.9142,0.8904,0.9197,0.9206,0.9214,0.9199,0.9106,0.9132,0.9369,0.9185,0.9193,0.899,0.9152,0.9047,0.903,0.9072,0.8905,0.9184,0.9127,0.8905,0.9086,0.9026
"49","AP",900,"asexual_diploid",1,1,1,1,1,1,1,0.9907,1,0.9913,0.9962,1,0.9739,0.966,0.9572,0.9517,0.9422,0.9789,0.9537,0.9579,0.9437,0.9268,0.9487,0.9341,0.9374,0.9426,0.9578,0.9237,0.9065,0.9129,0.9223,0.9377,0.9278,0.9188,0.9161,0.919,0.9383,0.9224,0.9086,0.9074,0.9107,0.9054,0.9033,0.9168,0.892,0.9109,0.8963,0.8984,0.9064,0.8974
"50","AP",900,"asexual_diploid",1,1,1,1,1,1,1,1,1,0.9997,0.9638,0.9983,0.9738,0.976,0.9637,0.9826,0.9404,0.9237,0.9681,0.9496,0.9659,0.925,0.9223,0.9228,0.9423,0.9283,0.9137,0.9255,0.9197,0.9562,0.9231,0.9306,0.9177,0.9097,0.9001,0.906,0.9387,0.9104,0.9286,0.9321,0.904,0.8918,0.9064,0.9042,0.9099,0.897,0.9109,0.9289,0.8976,0.9084
"51","AP",900,"asexual_diploid",1,1,1,1,1,0.9974,1,1,0.999,1,0.9901,0.9777,0.9768,0.9779,0.975,0.9209,0.9703,0.9741,0.9294,0.9612,0.9429,0.9266,0.9316,0.9261,0.9458,0.9325,0.916,0.9191,0.9423,0.9335,0.9381,0.9294,0.9334,0.9125,0.9082,0.9336,0.9254,0.9331,0.9129,0.9063,0.8773,0.9198,0.9186,0.911,0.9149,0.9007,0.9035,0.9183,0.9011,0.8877
"52","AP",900,"sexual",1,1,1,1,1,1,0.9996,1,1,1,0.9942,1,0.9775,0.9766,0.9514,0.988,0.9514,0.9357,0.9728,0.9533,0.9751,0.912,0.9224,0.924,0.928,0.9253,0.9011,0.9146,0.9117,0.9565,0.9215,0.9289,0.901,0.9156,0.8999,0.8991,0.9455,0.916,0.9263,0.921,0.9101,0.9036,0.9067,0.9195,0.9101,0.9016,0.9156,0.9013,0.89,0.8967
"53","AP",900,"sexual",1,1,1,1,1,1,1,1,1,0.9806,1,0.9769,0.9823,0.9745,0.9763,0.9269,0.9613,0.9961,0.9293,0.9585,0.9541,0.939,0.9403,0.9246,0.9339,0.9298,0.9118,0.9082,0.9381,0.9296,0.9401,0.9257,0.9308,0.9175,0.9089,0.9242,0.9251,0.9183,0.9166,0.9061,0.8789,0.9115,0.9134,0.9116,0.9229,0.898,0.9129,0.9158,0.9093,0.8948
"54","AP",900,"sexual",1,1,1,1,1,1,1,0.9968,1,1,1,1,0.9661,0.9708,0.9761,0.9673,0.9385,0.9812,0.9506,0.9633,0.9359,0.9272,0.9385,0.9298,0.9241,0.9405,0.9668,0.9314,0.9067,0.9052,0.9183,0.9318,0.9215,0.9164,0.9179,0.9078,0.9287,0.9146,0.9153,0.907,0.902,0.9191,0.8958,0.8994,0.9027,0.9097,0.9076,0.8955,0.9091,0.89
"55","AP",1000,"asexual_diploid",1,1,1,1,1,1,1,1,1,0.9986,0.9938,0.9998,0.979,0.9641,0.9644,0.965,0.9374,0.9643,0.9428,0.9585,0.9482,0.9327,0.9436,0.9314,0.9322,0.9474,0.9648,0.9366,0.9034,0.9132,0.9184,0.9382,0.9249,0.9239,0.9098,0.9169,0.9376,0.9348,0.9064,0.9013,0.9079,0.9104,0.9123,0.9101,0.8857,0.9149,0.8991,0.903,0.9096,0.8903
"56","AP",1000,"asexual_diploid",1,1,1,1,1,1,1,0.995,0.9995,0.9999,1,0.9581,0.9766,0.9802,0.9724,0.9269,0.9663,0.9967,0.9308,0.9649,0.9583,0.9367,0.9341,0.9243,0.9331,0.9251,0.9101,0.9176,0.9378,0.9341,0.9343,0.9191,0.925,0.9128,0.9099,0.9354,0.9287,0.9332,0.909,0.8998,0.8846,0.9168,0.9124,0.9214,0.915,0.9052,0.9216,0.9209,0.8982,0.8902
"57","AP",1000,"asexual_diploid",1,1,1,1,1,1,1,1,0.9919,1,0.9786,1,0.9721,0.9709,0.9562,0.969,0.9394,0.93,0.9713,0.9483,0.9636,0.913,0.936,0.9182,0.9403,0.9261,0.9078,0.9248,0.9232,0.9475,0.9177,0.9331,0.9115,0.9243,0.9118,0.9021,0.9399,0.9339,0.9191,0.9097,0.8973,0.9059,0.9106,0.9106,0.9177,0.8998,0.9177,0.9118,0.8985,0.9016
"58","AP",1000,"sexual",1,1,1,1,1,1,1,1,1,1,1,1,0.9747,0.9703,0.9556,0.965,0.9493,0.9844,0.9492,0.9536,0.9349,0.9366,0.9421,0.9509,0.941,0.9435,0.9726,0.9239,0.9108,0.9038,0.9159,0.9291,0.9311,0.9284,0.9203,0.9223,0.9384,0.9228,0.9157,0.9014,0.9047,0.8968,0.8927,0.9057,0.8912,0.915,0.9015,0.8919,0.896,0.9007
"59","AP",1000,"sexual",1,1,1,1,1,1,1,1,1,1,0.9881,1,0.9979,0.9774,0.9595,0.9924,0.9491,0.9253,0.9865,0.9341,0.9561,0.9242,0.9266,0.9149,0.9409,0.9278,0.9084,0.923,0.9169,0.9511,0.9188,0.9389,0.9191,0.9113,0.9052,0.9078,0.9341,0.9145,0.9142,0.9183,0.9144,0.8898,0.9042,0.9068,0.909,0.8984,0.9118,0.9142,0.8911,0.901
"60","AP",1000,"sexual",1,1,1,1,1,1,1,1,1,1,0.9983,0.9904,0.9985,0.9774,0.9858,0.9235,0.9686,0.9851,0.948,0.9592,0.9608,0.9366,0.9366,0.922,0.9335,0.936,0.9124,0.9107,0.9448,0.9229,0.9318,0.9182,0.9267,0.9146,0.9178,0.9249,0.9234,0.9308,0.9102,0.9052,0.8692,0.9133,0.9175,0.9212,0.9113,0.9065,0.9062,0.9203,0.8931,0.8702
"61","AP",1200,"asexual_diploid",1,1,1,1,1,1,1,1,1,0.9862,1,0.959,0.9768,0.9907,0.9773,0.9243,0.9674,0.9825,0.9379,0.9617,0.9553,0.9267,0.9349,0.9271,0.9409,0.932,0.9128,0.9192,0.9374,0.942,0.9314,0.9112,0.9266,0.9104,0.9158,0.9283,0.9274,0.9251,0.913,0.9043,0.8817,0.9162,0.9168,0.911,0.9123,0.9048,0.9101,0.9223,0.8971,0.8863
"62","AP",1200,"asexual_diploid",1,1,1,1,1,1,1,1,1,0.9959,0.9751,0.9907,0.9872,0.9805,0.9551,0.9728,0.9523,0.9228,0.9737,0.9529,0.966,0.9144,0.9328,0.9208,0.9302,0.9255,0.9011,0.9192,0.9196,0.9429,0.9228,0.9323,0.9216,0.9237,0.9055,0.8979,0.9427,0.9184,0.9216,0.9165,0.8971,0.8972,0.9204,0.9008,0.9099,0.9008,0.913,0.9195,0.9074,0.8996
"63","AP",1200,"asexual_diploid",1,1,1,1,1,1,0.9999,0.9991,1,1,0.9902,1,0.9657,0.9782,0.954,0.9589,0.9421,0.9554,0.9487,0.9575,0.9437,0.9267,0.9482,0.9404,0.9365,0.9512,0.9711,0.9296,0.9051,0.9136,0.9213,0.9298,0.9165,0.9263,0.917,0.9256,0.9382,0.9146,0.9081,0.9126,0.9176,0.9011,0.9048,0.9103,0.896,0.908,0.905,0.8998,0.9068,0.9035
"64","AP",1200,"sexual",1,1,1,1,1,1,1,1,1,0.9993,0.9944,0.9956,0.9895,0.9858,0.9667,0.9855,0.957,0.9517,0.9795,0.951,0.9688,0.9069,0.9276,0.914,0.9335,0.9291,0.9092,0.9207,0.9236,0.9525,0.9176,0.9358,0.9045,0.9082,0.9088,0.9016,0.9423,0.9214,0.9261,0.9193,0.8952,0.8903,0.9054,0.9122,0.9059,0.8967,0.9029,0.9124,0.8865,0.9013
"65","AP",1200,"sexual",1,1,1,1,1,1,0.9997,0.9995,1,0.9883,1,0.9916,0.9983,0.9914,0.9825,0.9357,0.9658,0.9949,0.9262,0.9593,0.9641,0.9271,0.9277,0.9302,0.942,0.9149,0.9148,0.9149,0.9313,0.9311,0.9402,0.9124,0.9349,0.9094,0.9129,0.9246,0.9251,0.9275,0.9125,0.9004,0.8671,0.9267,0.9139,0.9157,0.9165,0.9038,0.9115,0.9176,0.8881,0.895
"66","AP",1200,"sexual",1,1,1,1,1,0.9977,1,1,1,1,1,1,0.9692,0.9688,0.9654,0.9649,0.9406,0.9771,0.9611,0.9609,0.9457,0.9383,0.9577,0.9356,0.9279,0.9607,0.9487,0.9271,0.8989,0.9029,0.9081,0.9321,0.91,0.9048,0.9159,0.9132,0.933,0.9285,0.9022,0.9011,0.9024,0.9125,0.8978,0.8996,0.885,0.9122,0.9022,0.9102,0.9051,0.9026
"67","AP",1500,"asexual_diploid",1,1,1,1,1,1,1,1,1,0.9916,1,0.9696,0.9886,0.9838,0.978,0.9364,0.9555,0.9874,0.9239,0.9598,0.9517,0.9323,0.9368,0.9446,0.9422,0.9308,0.9061,0.9124,0.9426,0.9403,0.9354,0.9142,0.9309,0.9093,0.9121,0.9272,0.9263,0.9238,0.9139,0.904,0.8747,0.9155,0.9212,0.9214,0.9117,0.9048,0.9139,0.921,0.8995,0.884
"68","AP",1500,"asexual_diploid",1,1,1,1,1,1,1,1,1,0.9912,0.9961,1,0.9739,0.9684,0.9645,0.9647,0.9429,0.9725,0.9485,0.9744,0.9325,0.9239,0.94,0.9399,0.9358,0.9488,0.955,0.9266,0.9124,0.9106,0.9221,0.9262,0.9356,0.9162,0.9174,0.9162,0.9362,0.9203,0.9134,0.9036,0.9095,0.9108,0.9052,0.9078,0.8902,0.9109,0.8991,0.8952,0.9059,0.8942
"69","AP",1500,"asexual_diploid",1,1,1,1,1,1,1,1,1,1,0.9859,0.9995,0.9873,0.9717,0.9605,0.9864,0.9404,0.9319,0.9604,0.9513,0.9546,0.9308,0.9291,0.9138,0.9331,0.935,0.9055,0.9229,0.9339,0.9418,0.9228,0.9392,0.9207,0.9178,0.9006,0.906,0.9359,0.9237,0.9329,0.9244,0.8979,0.8821,0.9126,0.9114,0.9123,0.8996,0.9089,0.9161,0.8919,0.901
"70","AP",1500,"sexual",1,1,1,1,1,1,1,0.9997,1,1,1,0.9915,0.985,0.9972,0.9912,0.9304,0.9615,0.9991,0.9287,0.969,0.9618,0.9328,0.939,0.9213,0.9374,0.9153,0.8969,0.9016,0.9385,0.9436,0.9454,0.9265,0.9265,0.9048,0.9102,0.9183,0.9207,0.9279,0.9129,0.8929,0.8769,0.9131,0.9156,0.9198,0.907,0.9099,0.9109,0.9281,0.8964,0.8783
"71","AP",1500,"sexual",1,1,1,1,1,1,1,1,1,1,0.998,1,0.9993,0.9812,0.9718,0.9932,0.9543,0.9154,0.9856,0.949,0.9708,0.9242,0.9243,0.9257,0.9422,0.9231,0.8893,0.9216,0.915,0.9442,0.9152,0.9294,0.9142,0.9206,0.9055,0.8964,0.929,0.9111,0.9173,0.9228,0.902,0.8948,0.9065,0.9093,0.9074,0.8928,0.9121,0.9127,0.8948,0.9076
"72","AP",1500,"sexual",1,1,1,1,1,1,1,1,1,1,1,1,0.9946,0.9749,0.9783,0.9664,0.9402,0.9714,0.9482,0.9647,0.9456,0.9383,0.9512,0.9412,0.9322,0.9283,0.968,0.9178,0.9076,0.9064,0.9119,0.9214,0.934,0.9162,0.9104,0.9242,0.9316,0.9221,0.914,0.9,0.9203,0.8992,0.896,0.9057,0.8897,0.9155,0.8939,0.8914,0.8966,0.8932
"73","AP",2000,"asexual_diploid",1,1,1,1,1,1,1,1,1,0.9999,0.9862,0.9949,0.9913,0.9821,0.964,0.98,0.9545,0.9289,0.9702,0.9482,0.9507,0.9268,0.9203,0.9127,0.9347,0.9281,0.913,0.9277,0.9191,0.9597,0.9229,0.9314,0.9179,0.9187,0.8987,0.9135,0.9395,0.9142,0.9183,0.9242,0.9005,0.8904,0.9093,0.9045,0.9084,0.9022,0.9134,0.9055,0.8971,0.9072
"74","AP",2000,"asexual_diploid",1,1,1,1,1,1,1,1,1,1,1,1,0.9775,0.9688,0.956,0.9603,0.9432,0.9757,0.9483,0.9755,0.9362,0.9236,0.9463,0.93,0.9276,0.9418,0.9557,0.9306,0.9101,0.9062,0.9143,0.9333,0.9197,0.9196,0.9119,0.9207,0.9366,0.9199,0.9136,0.9058,0.9105,0.907,0.9051,0.9047,0.9018,0.9094,0.9042,0.8894,0.9138,0.9011
"75","AP",2000,"asexual_diploid",1,1,1,1,1,1,1,1,1,0.9946,0.9991,0.9703,0.9732,0.9871,0.978,0.922,0.9673,0.993,0.9376,0.9609,0.9579,0.9399,0.9249,0.9271,0.9385,0.9368,0.9012,0.9145,0.9431,0.9497,0.9399,0.9145,0.9422,0.9108,0.9064,0.9248,0.9258,0.9206,0.9204,0.9009,0.8726,0.9129,0.916,0.9182,0.9155,0.9006,0.9111,0.9241,0.8995,0.8861
"76","AP",2000,"sexual",1,1,1,1,1,1,1,0.9998,1,0.9988,0.9905,0.9975,1,0.9903,0.9723,1,0.9582,0.9534,0.9762,0.9492,0.9741,0.9172,0.9257,0.9063,0.9354,0.933,0.9089,0.9358,0.9238,0.95,0.9108,0.9272,0.9139,0.9163,0.8942,0.8978,0.944,0.9174,0.9087,0.9238,0.897,0.8855,0.8989,0.9009,0.9079,0.8983,0.9072,0.9142,0.8905,0.9014
"77","AP",2000,"sexual",1,1,1,1,1,1,1,1,1,1,0.9984,0.9993,0.999,0.9987,0.988,0.9409,0.9754,0.9876,0.9316,0.9613,0.971,0.9313,0.9341,0.9149,0.9504,0.927,0.904,0.9144,0.9386,0.9327,0.9394,0.9157,0.9318,0.9025,0.9066,0.929,0.9264,0.9063,0.9179,0.8976,0.8727,0.9169,0.9201,0.9173,0.9132,0.9016,0.9006,0.9209,0.8964,0.8724
"78","AP",2000,"sexual",1,1,1,1,1,1,1,1,1,1,0.9995,1,0.9798,0.9835,0.9749,0.974,0.9528,0.9781,0.9472,0.9758,0.9377,0.9274,0.9498,0.9362,0.9266,0.9455,0.9597,0.9197,0.9047,0.9136,0.918,0.9356,0.927,0.9156,0.8985,0.9155,0.9452,0.9144,0.9036,0.8929,0.9116,0.905,0.904,0.9008,0.8894,0.9099,0.8965,0.8874,0.9026,0.8871
"79","AP",2500,"asexual_diploid",1,1,1,1,1,1,1,1,1,1,1,1,0.9816,0.9788,0.9714,0.9712,0.9493,0.9802,0.9425,0.9609,0.9352,0.9245,0.9425,0.9406,0.9266,0.9455,0.9543,0.9207,0.9055,0.8968,0.918,0.9371,0.9151,0.9254,0.9174,0.9175,0.9369,0.9179,0.9094,0.9101,0.9147,0.9038,0.9027,0.9049,0.89,0.9118,0.9013,0.8949,0.9064,0.9044
"80","AP",2500,"asexual_diploid",1,1,1,1,1,1,1,1,1,0.9974,0.9998,0.9896,0.9923,0.9886,0.9836,0.9328,0.959,0.9872,0.9346,0.956,0.95,0.9321,0.932,0.9296,0.9377,0.9287,0.9105,0.9138,0.9404,0.9384,0.9439,0.9157,0.9295,0.9131,0.9072,0.928,0.9306,0.9139,0.9114,0.9024,0.8733,0.9145,0.9136,0.9126,0.9185,0.9046,0.9104,0.9236,0.9019,0.8763
"81","AP",2500,"asexual_diploid",1,1,1,1,1,1,1,1,1,0.9964,0.9871,1,0.9921,0.9714,0.9609,0.9808,0.9605,0.9264,0.9872,0.9461,0.9675,0.9302,0.9329,0.9218,0.9371,0.9293,0.8983,0.9219,0.9215,0.9552,0.9144,0.9322,0.919,0.9238,0.8888,0.8949,0.9334,0.9144,0.9271,0.9264,0.9001,0.9003,0.9251,0.9101,0.8989,0.8997,0.9087,0.9123,0.8865,0.898
"82","AP",2500,"sexual",1,1,1,1,1,1,1,1,1,1,1,1,0.9998,0.9942,0.9878,0.9774,0.9474,0.9906,0.9518,0.9743,0.9399,0.9355,0.9451,0.9412,0.9218,0.9494,0.9577,0.9284,0.9084,0.9163,0.9047,0.926,0.9226,0.9149,0.9068,0.905,0.9376,0.9195,0.8957,0.9028,0.9059,0.9045,0.8842,0.8952,0.8934,0.9059,0.8982,0.8911,0.9045,0.8996
"83","AP",2500,"sexual",1,1,1,1,1,0.9994,1,1,1,1,1,0.9928,0.998,1,0.9935,0.9389,0.9772,0.9993,0.9246,0.9652,0.9611,0.9378,0.9297,0.9278,0.9331,0.9177,0.904,0.9021,0.9387,0.9388,0.9398,0.9083,0.9236,0.906,0.9097,0.9271,0.9181,0.916,0.9126,0.899,0.8742,0.9062,0.9117,0.9093,0.9139,0.9013,0.9083,0.9196,0.8866,0.886
"84","AP",2500,"sexual",1,1,1,1,1,1,1,1,1,0.999,0.9978,0.9996,0.9982,1,0.9767,0.9774,0.9557,0.9496,0.9869,0.9578,0.9747,0.925,0.9158,0.9143,0.9382,0.9264,0.8859,0.9153,0.9196,0.9492,0.9051,0.9414,0.9011,0.9261,0.8907,0.9009,0.9317,0.9183,0.919,0.9293,0.9018,0.8791,0.9097,0.9056,0.8999,0.8957,0.9022,0.9042,0.8965,0.8951
"85","AP",3000,"asexual_diploid",1,1,1,1,1,1,1,1,1,0.9999,0.9829,0.9982,0.9944,0.9827,0.9637,0.9836,0.944,0.9373,0.971,0.9501,0.9651,0.9213,0.9236,0.9278,0.9365,0.921,0.9073,0.9259,0.9203,0.9439,0.9147,0.9386,0.9123,0.9268,0.8965,0.9004,0.937,0.9137,0.9257,0.9222,0.9007,0.8922,0.9046,0.9141,0.9026,0.9001,0.9058,0.9126,0.8913,0.9002
"86","AP",3000,"asexual_diploid",1,1,1,1,1,1,1,0.9985,0.9998,0.9976,1,0.9836,0.9864,0.9916,0.9892,0.931,0.9724,0.9907,0.928,0.9613,0.96,0.9367,0.9311,0.9187,0.9417,0.9364,0.9131,0.9162,0.9285,0.9389,0.9347,0.9206,0.9272,0.9108,0.912,0.9245,0.9287,0.9184,0.9125,0.901,0.876,0.9123,0.9182,0.9113,0.912,0.8989,0.905,0.9201,0.898,0.8953
"87","AP",3000,"asexual_diploid",1,1,1,1,1,1,1,0.9997,1,0.9996,0.9997,1,0.9853,0.9746,0.9684,0.9691,0.9416,0.9784,0.9486,0.9574,0.9417,0.9336,0.9452,0.9333,0.9333,0.9424,0.9544,0.9272,0.9078,0.9055,0.9166,0.9271,0.9161,0.9217,0.9068,0.9113,0.934,0.9242,0.9156,0.9055,0.9142,0.9064,0.9061,0.9083,0.8852,0.9127,0.9071,0.8941,0.9049,0.9003
"88","AP",3000,"sexual",1,1,1,1,1,1,1,1,0.9994,1,1,0.9989,1,0.9998,0.9974,0.9485,0.9731,1,0.9459,0.9578,0.955,0.9388,0.9321,0.9144,0.9375,0.929,0.9157,0.8983,0.9442,0.9368,0.9371,0.918,0.9277,0.9021,0.9127,0.9217,0.9168,0.9242,0.9083,0.8985,0.8589,0.9071,0.9172,0.9106,0.9077,0.895,0.9098,0.9195,0.893,0.8766
"89","AP",3000,"sexual",1,1,1,1,1,1,1,1,1,1,0.9959,0.9996,1,0.998,0.9873,0.9995,0.9546,0.9452,0.9871,0.9574,0.9614,0.9186,0.9294,0.9052,0.9346,0.9289,0.8996,0.9242,0.9209,0.9514,0.9061,0.9383,0.9163,0.9131,0.8891,0.8917,0.9399,0.9089,0.912,0.9241,0.8965,0.8777,0.9206,0.9053,0.9074,0.8968,0.9058,0.9033,0.8814,0.902
"90","AP",3000,"sexual",1,1,1,1,1,1,1,1,1,0.9995,1,1,0.9986,0.9844,0.9961,0.9679,0.9521,0.9904,0.9614,0.9768,0.9487,0.9298,0.9449,0.9324,0.9358,0.9434,0.9669,0.9334,0.8896,0.8987,0.9239,0.9243,0.92,0.9272,0.9167,0.9098,0.9376,0.91,0.9204,0.8966,0.9075,0.8984,0.885,0.9021,0.8841,0.9079,0.8926,0.8842,0.9033,0.8884
"91","MA",100,"asexual_diploid",0.9016,0.9131,0.9105,0.9086,0.913,0.9011,0.9128,0.9028,0.9269,0.9143,0.9199,0.8815,0.9202,0.901,0.9181,0.8949,0.9137,0.9157,0.9014,0.9189,0.9148,0.903,0.9016,0.8949,0.9168,0.9128,0.9083,0.9107,0.9248,0.9076,0.9249,0.9116,0.9152,0.9239,0.9197,0.9254,0.9159,0.9108,0.9157,0.8987,0.8752,0.9189,0.9213,0.9184,0.9203,0.912,0.9106,0.9115,0.9217,0.8994
"92","MA",100,"asexual_diploid",0.902,0.9167,0.9225,0.9042,0.9223,0.9158,0.8952,0.9068,0.9208,0.9102,0.8901,0.9152,0.9154,0.9138,0.9115,0.9169,0.8995,0.9168,0.9263,0.9162,0.9097,0.9063,0.9061,0.9052,0.9173,0.913,0.8946,0.9216,0.9035,0.9151,0.9059,0.9204,0.9084,0.9192,0.8987,0.9006,0.9272,0.9143,0.9054,0.913,0.9007,0.9029,0.9065,0.9078,0.8992,0.9126,0.9128,0.9206,0.9121,0.907
"93","MA",100,"asexual_diploid",0.9094,0.9193,0.9089,0.9213,0.9037,0.8866,0.9104,0.8986,0.9146,0.925,0.9194,0.915,0.922,0.9225,0.9008,0.9221,0.9022,0.9172,0.9083,0.9115,0.9046,0.9107,0.9217,0.9045,0.9135,0.919,0.9229,0.9081,0.9219,0.9044,0.9088,0.9103,0.9108,0.8973,0.9092,0.9045,0.9218,0.9086,0.9158,0.9046,0.9078,0.9146,0.9114,0.9191,0.8941,0.9223,0.907,0.902,0.916,0.9088
"94","MA",100,"sexual",0.9073,0.9189,0.9088,0.9184,0.8975,0.8853,0.8963,0.8923,0.9108,0.917,0.9185,0.9203,0.9228,0.9107,0.903,0.9196,0.9067,0.924,0.9174,0.9201,0.9028,0.9165,0.9217,0.9105,0.9215,0.9215,0.9248,0.91,0.8883,0.9099,0.8966,0.9,0.9099,0.8922,0.9068,0.9068,0.9181,0.9061,0.9131,0.9167,0.9093,0.9176,0.9161,0.9052,0.8957,0.9323,0.909,0.8918,0.9185,0.9037
"95","MA",100,"sexual",0.8952,0.9103,0.919,0.9155,0.9245,0.9254,0.9022,0.9012,0.9166,0.912,0.9145,0.9125,0.9165,0.9032,0.9089,0.917,0.8855,0.913,0.9248,0.9202,0.9066,0.9115,0.9181,0.893,0.9158,0.9112,0.9095,0.9167,0.912,0.9161,0.9076,0.9247,0.9052,0.9212,0.9009,0.9068,0.919,0.915,0.9197,0.91,0.9233,0.8929,0.9087,0.925,0.9202,0.9102,0.9172,0.9189,0.9051,0.8973
"96","MA",100,"sexual",0.8954,0.9127,0.9128,0.9057,0.923,0.9131,0.9121,0.9128,0.9183,0.9055,0.9184,0.892,0.917,0.9077,0.9198,0.8947,0.9153,0.9153,0.9079,0.9298,0.9053,0.9076,0.9044,0.9139,0.9172,0.9179,0.9041,0.9045,0.9265,0.901,0.9169,0.9013,0.918,0.9082,0.913,0.9163,0.9213,0.9003,0.9194,0.9085,0.8897,0.9165,0.9175,0.9093,0.9181,0.9095,0.913,0.9105,0.9096,0.8963
"97","MA",200,"asexual_diploid",0.9054,0.9118,0.907,0.9172,0.9022,0.8903,0.8988,0.9024,0.9103,0.9176,0.9163,0.9133,0.9152,0.9126,0.9029,0.922,0.9093,0.9108,0.9158,0.9089,0.9028,0.9098,0.9214,0.9032,0.9057,0.9205,0.9256,0.9051,0.8908,0.8988,0.9009,0.9108,0.8987,0.9036,0.9005,0.9117,0.917,0.905,0.9005,0.9028,0.9008,0.9098,0.8983,0.9129,0.9078,0.9201,0.8981,0.896,0.9073,0.9004
"98","MA",200,"asexual_diploid",0.9041,0.9148,0.9084,0.9129,0.9109,0.9109,0.8897,0.9042,0.9036,0.8957,0.9002,0.9162,0.9076,0.9115,0.9037,0.903,0.8961,0.898,0.9186,0.9093,0.9194,0.8971,0.9191,0.8953,0.9206,0.9165,0.8939,0.9081,0.9059,0.9084,0.8886,0.9173,0.8967,0.9129,0.8869,0.8951,0.9214,0.911,0.9151,0.9156,0.9014,0.8968,0.9073,0.9121,0.9064,0.9089,0.9116,0.9158,0.9077,0.8969
"99","MA",200,"asexual_diploid",0.9053,0.909,0.9157,0.906,0.9073,0.9105,0.9026,0.9041,0.9168,0.9096,0.9158,0.8916,0.9139,0.9105,0.9236,0.8942,0.9129,0.9182,0.8919,0.914,0.9159,0.9067,0.9038,0.8993,0.9236,0.9096,0.894,0.9056,0.9178,0.9043,0.9268,0.8918,0.9138,0.9078,0.8965,0.9208,0.9158,0.9045,0.9103,0.8985,0.8835,0.9063,0.9178,0.9145,0.9201,0.9013,0.904,0.9149,0.9061,0.891
"100","MA",200,"sexual",0.8904,0.9172,0.9161,0.9096,0.9111,0.9042,0.9118,0.8996,0.927,0.9231,0.9136,0.8892,0.9135,0.9124,0.915,0.889,0.9166,0.9171,0.8905,0.9194,0.9104,0.8893,0.9094,0.9027,0.9174,0.9043,0.9016,0.9105,0.9234,0.9069,0.9112,0.8963,0.9112,0.9083,0.9011,0.9044,0.9155,0.8976,0.9101,0.8942,0.8869,0.9045,0.9158,0.912,0.9233,0.9061,0.9084,0.9206,0.9219,0.905
"101","MA",200,"sexual",0.9035,0.9078,0.9156,0.9011,0.9043,0.9051,0.9054,0.9015,0.9141,0.9117,0.9287,0.9119,0.9131,0.9175,0.8976,0.9145,0.8989,0.9216,0.8981,0.905,0.8965,0.9047,0.9144,0.9145,0.9097,0.9259,0.9201,0.9114,0.8846,0.9049,0.9002,0.9049,0.9119,0.9038,0.8973,0.9132,0.9164,0.9062,0.9037,0.9183,0.8982,0.9055,0.9123,0.9053,0.9127,0.9238,0.888,0.9042,0.9131,0.9023
"102","MA",200,"sexual",0.9039,0.9114,0.9159,0.9112,0.9202,0.9161,0.9017,0.9079,0.9054,0.897,0.9051,0.906,0.9068,0.9024,0.9113,0.9204,0.8913,0.8973,0.9177,0.9096,0.9106,0.8874,0.9002,0.897,0.9065,0.9083,0.8988,0.9093,0.9154,0.9138,0.9111,0.9075,0.9037,0.9066,0.8985,0.8991,0.9283,0.909,0.9111,0.9163,0.9099,0.8759,0.8889,0.9094,0.8993,0.9028,0.9204,0.9078,0.9008,0.8984
"103","MA",300,"asexual_diploid",0.8966,0.9104,0.9124,0.9046,0.9101,0.9205,0.9034,0.9041,0.9136,0.9034,0.8934,0.9118,0.9086,0.9128,0.8988,0.9119,0.8934,0.9072,0.925,0.9203,0.9127,0.8868,0.9039,0.9016,0.9191,0.9094,0.8889,0.9058,0.9156,0.9196,0.8994,0.9182,0.9011,0.9196,0.9054,0.8947,0.922,0.9151,0.9111,0.9141,0.8908,0.8862,0.9034,0.9014,0.9088,0.9014,0.9124,0.9104,0.8961,0.9059
"104","MA",300,"asexual_diploid",0.91,0.9144,0.9075,0.9159,0.9088,0.8829,0.9095,0.8962,0.9177,0.9139,0.9127,0.9118,0.9155,0.9134,0.8993,0.9089,0.8987,0.9195,0.908,0.9167,0.8999,0.9043,0.9185,0.8981,0.9072,0.9176,0.9282,0.912,0.8845,0.9024,0.9082,0.9014,0.8994,0.8907,0.9013,0.9043,0.9235,0.9069,0.9076,0.9057,0.9038,0.9065,0.9066,0.9019,0.8872,0.9124,0.8995,0.8944,0.9064,0.9089
"105","MA",300,"asexual_diploid",0.904,0.9152,0.9127,0.9095,0.9148,0.9025,0.9083,0.9093,0.9154,0.9072,0.9173,0.8892,0.9167,0.9124,0.9171,0.8953,0.9176,0.9148,0.8877,0.9181,0.9093,0.9043,0.8981,0.9008,0.9245,0.9164,0.8954,0.9056,0.9244,0.8984,0.9175,0.9017,0.911,0.9171,0.8957,0.926,0.9142,0.9025,0.9053,0.9072,0.8782,0.9109,0.9146,0.9118,0.9144,0.9031,0.9171,0.9095,0.8988,0.8869
"106","MA",300,"sexual",0.9172,0.9184,0.9232,0.9143,0.912,0.9193,0.9016,0.9178,0.916,0.9165,0.9161,0.9131,0.9107,0.9115,0.9035,0.9133,0.9047,0.9085,0.9198,0.9058,0.9111,0.8952,0.9088,0.8981,0.9101,0.8972,0.8866,0.905,0.9036,0.9149,0.9041,0.9182,0.9019,0.9154,0.8937,0.9096,0.9227,0.9198,0.9126,0.9132,0.9015,0.8915,0.9028,0.9051,0.9086,0.8959,0.9163,0.9154,0.8996,0.905
"107","MA",300,"sexual",0.9183,0.9225,0.9095,0.9073,0.9101,0.8879,0.9172,0.9135,0.9141,0.9142,0.9162,0.9176,0.9252,0.9157,0.9082,0.9161,0.9059,0.9143,0.9067,0.9278,0.9094,0.9114,0.9167,0.901,0.9285,0.9135,0.9244,0.8947,0.8877,0.894,0.8985,0.8967,0.9069,0.8927,0.9022,0.905,0.9276,0.9152,0.912,0.8913,0.9083,0.9049,0.9032,0.907,0.9107,0.92,0.9134,0.8938,0.9073,0.9048
"108","MA",300,"sexual",0.9025,0.9192,0.9187,0.9261,0.9314,0.9119,0.9033,0.9049,0.9247,0.9145,0.9159,0.9229,0.9222,0.9199,0.9163,0.8894,0.9124,0.9185,0.9005,0.9186,0.9113,0.8975,0.9034,0.907,0.917,0.8946,0.9174,0.9051,0.9308,0.9028,0.9227,0.8978,0.9149,0.8913,0.9017,0.9169,0.9085,0.9194,0.918,0.8994,0.8591,0.9012,0.9199,0.9142,0.919,0.9175,0.9203,0.9046,0.8979,0.8871
"109","MA",400,"asexual_diploid",0.9058,0.9068,0.9147,0.9189,0.9086,0.9154,0.908,0.9065,0.9251,0.9029,0.9129,0.8886,0.9163,0.9227,0.9188,0.9077,0.9194,0.9124,0.8933,0.9172,0.9078,0.9006,0.8959,0.8931,0.9138,0.914,0.8986,0.9116,0.9214,0.9038,0.92,0.9039,0.9188,0.9057,0.8944,0.9184,0.9155,0.9068,0.907,0.9003,0.8798,0.9072,0.9249,0.9112,0.916,0.915,0.9143,0.9075,0.9083,0.8848
"110","MA",400,"asexual_diploid",0.9044,0.9186,0.9125,0.9138,0.892,0.8945,0.9036,0.917,0.9082,0.9183,0.917,0.9229,0.9176,0.9114,0.8993,0.9148,0.9076,0.9202,0.9114,0.9084,0.9074,0.908,0.9125,0.9198,0.9052,0.9165,0.9265,0.903,0.8934,0.8956,0.9062,0.9035,0.9041,0.9014,0.8968,0.9075,0.9232,0.909,0.906,0.9026,0.9084,0.9107,0.9105,0.9144,0.9051,0.9165,0.9037,0.9001,0.9106,0.908
"111","MA",400,"asexual_diploid",0.9012,0.9044,0.922,0.9136,0.9103,0.9224,0.8899,0.9034,0.9159,0.9066,0.8995,0.9136,0.9137,0.9142,0.9092,0.9076,0.8991,0.9002,0.9184,0.9165,0.9107,0.884,0.9071,0.8952,0.9204,0.9058,0.8997,0.9122,0.9131,0.9104,0.9055,0.9117,0.9038,0.9137,0.8919,0.8986,0.9255,0.9103,0.9085,0.9116,0.8966,0.8983,0.9143,0.9035,0.9179,0.895,0.9104,0.9118,0.907,0.9015
"112","MA",400,"sexual",0.9143,0.9124,0.9302,0.9266,0.9297,0.917,0.9164,0.9187,0.9215,0.9136,0.9213,0.9156,0.9168,0.9143,0.9198,0.8938,0.9207,0.9235,0.8995,0.9203,0.9118,0.9118,0.8951,0.9035,0.9215,0.9026,0.9023,0.9124,0.9162,0.9013,0.9241,0.9169,0.9205,0.9099,0.9,0.9229,0.9103,0.8933,0.9113,0.8945,0.8836,0.9113,0.9155,0.9073,0.9075,0.9201,0.9181,0.9143,0.913,0.8906
"113","MA",400,"sexual",0.9166,0.9197,0.9045,0.9214,0.9114,0.9033,0.9203,0.9135,0.9173,0.9171,0.9183,0.9161,0.9198,0.9178,0.9051,0.9252,0.8972,0.9242,0.9053,0.9102,0.8995,0.9129,0.9194,0.9135,0.9118,0.9235,0.9286,0.9044,0.8854,0.907,0.8852,0.9036,0.8964,0.897,0.8969,0.9062,0.9145,0.9009,0.9024,0.9134,0.9148,0.9089,0.897,0.9099,0.9023,0.9073,0.9073,0.8886,0.9135,0.9041
"114","MA",400,"sexual",0.9108,0.9133,0.9209,0.9203,0.9159,0.9136,0.9009,0.9095,0.9261,0.9217,0.9018,0.9206,0.9129,0.916,0.9124,0.9218,0.8819,0.9169,0.9178,0.9122,0.8984,0.8934,0.9133,0.8977,0.9195,0.919,0.8949,0.9224,0.9088,0.9011,0.904,0.927,0.9069,0.91,0.8923,0.8912,0.9209,0.9172,0.9143,0.906,0.9028,0.894,0.9085,0.8981,0.9022,0.9047,0.9179,0.9126,0.8995,0.9211
"115","MA",500,"asexual_diploid",0.9067,0.9031,0.9188,0.9146,0.9136,0.9219,0.9086,0.9128,0.9035,0.9034,0.8916,0.9082,0.9127,0.9146,0.9093,0.9164,0.8925,0.9026,0.9256,0.9202,0.902,0.8962,0.904,0.8899,0.9266,0.9038,0.8991,0.9117,0.9089,0.9073,0.9024,0.9111,0.9119,0.9121,0.8976,0.8963,0.9217,0.9122,0.9042,0.9163,0.9091,0.9047,0.9022,0.9135,0.9043,0.8967,0.9172,0.9162,0.9106,0.8973
"116","MA",500,"asexual_diploid",0.9,0.9179,0.9171,0.9126,0.9187,0.9124,0.9051,0.9044,0.9287,0.9087,0.9232,0.8913,0.9164,0.9031,0.9245,0.9043,0.9153,0.9198,0.896,0.9179,0.9188,0.9032,0.907,0.899,0.9226,0.9072,0.8966,0.908,0.9197,0.9093,0.9175,0.9039,0.9169,0.9126,0.9104,0.9241,0.9156,0.9058,0.9156,0.9008,0.8842,0.9155,0.9125,0.9131,0.9147,0.9083,0.915,0.914,0.9048,0.8936
"117","MA",500,"asexual_diploid",0.9176,0.9154,0.9132,0.9188,0.9091,0.9044,0.9079,0.9117,0.9118,0.9184,0.9113,0.9158,0.9194,0.9152,0.9023,0.9255,0.9073,0.92,0.9098,0.9132,0.9117,0.9039,0.9089,0.9053,0.9175,0.9218,0.9232,0.902,0.895,0.8987,0.903,0.9023,0.8994,0.8927,0.9041,0.9085,0.9174,0.9101,0.9043,0.9036,0.9014,0.9119,0.8973,0.9117,0.8912,0.9161,0.8983,0.8984,0.9116,0.9
"118","MA",500,"sexual",0.9105,0.9114,0.9189,0.9254,0.9144,0.9275,0.9191,0.9192,0.9046,0.913,0.9148,0.9179,0.9055,0.9167,0.9142,0.9177,0.906,0.913,0.922,0.9155,0.9145,0.907,0.9119,0.8855,0.908,0.9119,0.9009,0.9134,0.9157,0.905,0.9099,0.9078,0.913,0.9111,0.9012,0.8928,0.9257,0.9128,0.9127,0.9169,0.9035,0.9037,0.8971,0.9059,0.9054,0.8944,0.9095,0.9034,0.9087,0.9056
"119","MA",500,"sexual",0.9046,0.9229,0.9177,0.9042,0.9238,0.9191,0.9143,0.9214,0.9328,0.9187,0.9204,0.8998,0.9237,0.9069,0.9254,0.9033,0.9092,0.9149,0.9019,0.9122,0.9164,0.9124,0.9224,0.9019,0.9182,0.9126,0.8981,0.9116,0.9234,0.9102,0.9259,0.8904,0.9134,0.9094,0.9033,0.915,0.9211,0.902,0.9076,0.9048,0.8844,0.927,0.9144,0.9126,0.9053,0.9091,0.9053,0.9169,0.9068,0.8764
"120","MA",500,"sexual",0.9283,0.9282,0.9283,0.9097,0.9028,0.9028,0.9232,0.9195,0.9265,0.9284,0.9202,0.9134,0.9286,0.9148,0.8996,0.9242,0.9164,0.9202,0.9128,0.9151,0.916,0.9111,0.9214,0.9124,0.8935,0.9154,0.9335,0.8963,0.8919,0.883,0.8903,0.9024,0.9064,0.9062,0.9038,0.9073,0.9173,0.9022,0.9066,0.911,0.9047,0.9109,0.898,0.9147,0.896,0.917,0.8993,0.8973,0.9254,0.9035
"121","MA",600,"asexual_diploid",0.9056,0.9096,0.9195,0.9155,0.9155,0.9171,0.9013,0.9167,0.9127,0.9105,0.9117,0.9203,0.9081,0.9128,0.9077,0.9158,0.8973,0.908,0.9205,0.9154,0.9116,0.8963,0.8965,0.8874,0.9116,0.916,0.8913,0.9154,0.9056,0.9087,0.9025,0.9206,0.8965,0.9065,0.9043,0.908,0.9201,0.919,0.9065,0.9153,0.9,0.8984,0.9045,0.9092,0.9084,0.9094,0.9197,0.9141,0.9042,0.9008
"122","MA",600,"asexual_diploid",0.9179,0.9142,0.906,0.9178,0.9108,0.9003,0.9131,0.9037,0.9166,0.9176,0.9189,0.9185,0.9214,0.9157,0.9044,0.9104,0.9059,0.9175,0.9096,0.9164,0.912,0.9152,0.9138,0.9037,0.9095,0.914,0.9239,0.9046,0.9028,0.9069,0.9064,0.9089,0.9082,0.9013,0.9006,0.9088,0.9157,0.9085,0.8994,0.8991,0.9046,0.9156,0.9014,0.9072,0.9026,0.9083,0.8967,0.894,0.9149,0.899
"123","MA",600,"asexual_diploid",0.9094,0.9171,0.9137,0.9028,0.9155,0.9181,0.906,0.9182,0.9225,0.9116,0.9219,0.8978,0.9214,0.9192,0.9201,0.9022,0.9187,0.9145,0.8983,0.9124,0.9152,0.906,0.9178,0.9026,0.9168,0.9103,0.9046,0.904,0.919,0.9083,0.9204,0.8999,0.9114,0.9045,0.8984,0.9177,0.911,0.896,0.907,0.8978,0.8856,0.9092,0.9143,0.9096,0.9193,0.9128,0.9121,0.9104,0.9177,0.8883
"124","MA",600,"sexual",0.9255,0.9176,0.9298,0.9275,0.9199,0.8927,0.9191,0.9239,0.9287,0.9203,0.9294,0.9325,0.9358,0.9233,0.9068,0.9173,0.9193,0.9255,0.9094,0.9265,0.9198,0.9093,0.923,0.9089,0.9012,0.9215,0.9269,0.9055,0.902,0.9,0.906,0.9045,0.9012,0.9153,0.9078,0.9119,0.9184,0.9008,0.8972,0.9045,0.9086,0.9216,0.9118,0.9127,0.9021,0.9152,0.9062,0.8969,0.9197,0.9124
"125","MA",600,"sexual",0.9113,0.9265,0.9243,0.917,0.9248,0.9228,0.8967,0.9213,0.9242,0.913,0.9153,0.9261,0.9159,0.9287,0.9054,0.9226,0.8914,0.9016,0.9317,0.9244,0.8999,0.9191,0.9057,0.8826,0.9128,0.9282,0.8971,0.9027,0.9061,0.9135,0.8947,0.9031,0.9148,0.9169,0.8851,0.8981,0.916,0.9101,0.907,0.9083,0.8865,0.9024,0.9099,0.9053,0.906,0.9138,0.9166,0.9051,0.901,0.9066
"126","MA",600,"sexual",0.9121,0.9219,0.9274,0.924,0.9348,0.9287,0.9073,0.9232,0.9329,0.9181,0.9278,0.9213,0.914,0.9108,0.9154,0.9103,0.9162,0.9181,0.914,0.9186,0.9218,0.9063,0.9118,0.9125,0.9163,0.9133,0.8948,0.9067,0.9196,0.8905,0.9227,0.9091,0.9135,0.9241,0.9089,0.9128,0.9231,0.9006,0.9075,0.8975,0.8774,0.9148,0.9172,0.9089,0.9133,0.8993,0.9236,0.9044,0.9044,0.9014
"127","MA",700,"asexual_diploid",0.9146,0.9145,0.9169,0.9193,0.9162,0.8924,0.9037,0.907,0.9118,0.9165,0.9199,0.9269,0.9235,0.92,0.9046,0.9227,0.9114,0.9192,0.9155,0.9092,0.9104,0.9118,0.9157,0.9118,0.9146,0.918,0.9249,0.9057,0.8977,0.9003,0.9058,0.9073,0.8956,0.8953,0.9022,0.9122,0.9148,0.9088,0.9051,0.8991,0.9047,0.9013,0.9034,0.9139,0.8855,0.9123,0.8966,0.9074,0.9184,0.9027
"128","MA",700,"asexual_diploid",0.8979,0.9093,0.9169,0.9147,0.9136,0.9206,0.9056,0.9146,0.9149,0.9164,0.9118,0.9245,0.9097,0.9171,0.9075,0.9177,0.9,0.9048,0.9322,0.9104,0.9123,0.8942,0.919,0.8975,0.922,0.9174,0.9049,0.9152,0.9137,0.9132,0.9003,0.9146,0.8943,0.9237,0.9018,0.9,0.9297,0.9127,0.9044,0.9146,0.8981,0.8992,0.9022,0.9053,0.9079,0.909,0.9161,0.9071,0.9064,0.8899
"129","MA",700,"asexual_diploid",0.9096,0.9236,0.9122,0.9142,0.923,0.9146,0.9201,0.9174,0.9232,0.9084,0.9182,0.8985,0.9192,0.9077,0.9253,0.9004,0.9194,0.9153,0.8912,0.9165,0.9122,0.8949,0.9071,0.9001,0.9169,0.9053,0.8959,0.8981,0.9219,0.9135,0.921,0.9089,0.9154,0.9023,0.9003,0.9181,0.9092,0.9051,0.9121,0.9004,0.8689,0.9095,0.9156,0.9172,0.912,0.9097,0.9188,0.9106,0.9084,0.8875
"130","MA",700,"sexual",0.9197,0.9237,0.9168,0.9236,0.9104,0.9032,0.9128,0.9247,0.9208,0.9303,0.9198,0.9342,0.9244,0.9311,0.9019,0.9242,0.9156,0.9235,0.9158,0.9127,0.919,0.9104,0.9242,0.9127,0.9161,0.9248,0.9287,0.9047,0.9001,0.9013,0.9143,0.9041,0.898,0.8978,0.9106,0.9073,0.9181,0.9089,0.9166,0.9078,0.9001,0.9001,0.8957,0.9033,0.8992,0.9064,0.9105,0.8987,0.9139,0.906
"131","MA",700,"sexual",0.9261,0.9271,0.922,0.9152,0.9269,0.9194,0.9104,0.9211,0.9315,0.9174,0.9234,0.8998,0.9281,0.9234,0.9211,0.8921,0.9267,0.9151,0.8836,0.9147,0.9245,0.9023,0.9182,0.8991,0.9214,0.9081,0.8925,0.909,0.9184,0.9019,0.9156,0.9081,0.9066,0.9036,0.9131,0.9106,0.9104,0.9145,0.9067,0.8953,0.8932,0.9125,0.9174,0.9261,0.9108,0.9135,0.916,0.9118,0.9082,0.8771
"132","MA",700,"sexual",0.9202,0.909,0.9272,0.9296,0.9274,0.923,0.9216,0.9166,0.9313,0.9213,0.9128,0.921,0.9111,0.928,0.9179,0.9098,0.9126,0.9008,0.9337,0.9023,0.9063,0.9041,0.909,0.8751,0.9122,0.9178,0.8911,0.9116,0.9066,0.9088,0.9012,0.9197,0.8911,0.9135,0.9027,0.8948,0.9195,0.9208,0.9004,0.9168,0.9111,0.8835,0.9093,0.9023,0.9073,0.9159,0.9103,0.8986,0.8926,0.9
"133","MA",800,"asexual_diploid",0.9165,0.9163,0.9198,0.922,0.9179,0.9203,0.9048,0.9113,0.9221,0.9058,0.9075,0.9136,0.9179,0.9209,0.9001,0.9159,0.8943,0.9004,0.9223,0.9093,0.9096,0.8997,0.9018,0.8919,0.9216,0.9145,0.9048,0.9175,0.9077,0.9086,0.8994,0.911,0.8947,0.9151,0.8991,0.8984,0.9215,0.921,0.9057,0.9127,0.9083,0.8918,0.9029,0.9064,0.9023,0.9024,0.9106,0.913,0.9061,0.9085
"134","MA",800,"asexual_diploid",0.9171,0.923,0.9133,0.9218,0.9012,0.8993,0.9168,0.9076,0.9177,0.9198,0.9159,0.9212,0.9192,0.9163,0.907,0.9109,0.9108,0.9185,0.9065,0.9188,0.9093,0.9136,0.9184,0.9057,0.9107,0.917,0.9234,0.9069,0.8919,0.9101,0.8999,0.9067,0.9033,0.9008,0.9081,0.9091,0.9158,0.9087,0.8971,0.902,0.9043,0.9076,0.9039,0.9048,0.9101,0.9083,0.8967,0.8936,0.9118,0.9122
"135","MA",800,"asexual_diploid",0.9065,0.9193,0.9136,0.9177,0.9153,0.9195,0.9213,0.9072,0.9315,0.9057,0.9135,0.9091,0.9218,0.9187,0.9216,0.8922,0.9134,0.9177,0.8972,0.9204,0.9136,0.8972,0.9043,0.9044,0.9199,0.9124,0.8881,0.9007,0.9302,0.8968,0.9196,0.9086,0.9174,0.9081,0.9117,0.9175,0.9159,0.8998,0.9062,0.9013,0.8757,0.9058,0.9181,0.9152,0.9138,0.9013,0.9191,0.9102,0.9049,0.8884
"136","MA",800,"sexual",0.9104,0.9274,0.9307,0.9126,0.9185,0.9263,0.9289,0.9224,0.9256,0.917,0.9315,0.9079,0.9203,0.9168,0.9269,0.9091,0.9186,0.9278,0.8936,0.9138,0.9191,0.9127,0.9246,0.9192,0.9121,0.9109,0.8846,0.9091,0.9227,0.9162,0.9157,0.9014,0.9127,0.898,0.9065,0.9176,0.9096,0.8953,0.9075,0.9091,0.8771,0.9116,0.916,0.9236,0.9104,0.9084,0.9071,0.9091,0.8993,0.8921
"137","MA",800,"sexual",0.9326,0.9203,0.9241,0.922,0.9215,0.9182,0.9209,0.916,0.9294,0.9332,0.9308,0.9144,0.9295,0.9237,0.9031,0.9298,0.9138,0.9171,0.8978,0.9253,0.9144,0.9166,0.9181,0.9076,0.9115,0.9246,0.9211,0.9112,0.9123,0.8901,0.8969,0.8979,0.9009,0.9064,0.9104,0.9071,0.9245,0.892,0.8949,0.9045,0.9042,0.9135,0.9064,0.9046,0.8951,0.9164,0.9006,0.91,0.9154,0.8909
"138","MA",800,"sexual",0.9233,0.9132,0.9282,0.923,0.9298,0.9265,0.9243,0.9303,0.9176,0.9167,0.9187,0.9285,0.9212,0.931,0.912,0.919,0.9224,0.9157,0.9263,0.915,0.9231,0.9033,0.9091,0.9025,0.9299,0.9057,0.8912,0.9016,0.905,0.9157,0.9051,0.9132,0.9111,0.922,0.8828,0.9068,0.9169,0.9173,0.9043,0.9226,0.9003,0.901,0.9058,0.9029,0.9065,0.9094,0.9132,0.9167,0.8974,0.8919
"139","MA",900,"asexual_diploid",0.9169,0.9244,0.9184,0.9078,0.9089,0.8903,0.9207,0.9094,0.9173,0.9192,0.9269,0.9247,0.923,0.9172,0.9013,0.9195,0.9123,0.9231,0.9058,0.9108,0.9084,0.9102,0.9131,0.9042,0.9125,0.9184,0.9293,0.9139,0.8895,0.8995,0.9058,0.9041,0.8944,0.8935,0.9052,0.9154,0.9158,0.9063,0.8997,0.9173,0.8989,0.904,0.9009,0.9112,0.9054,0.9234,0.901,0.8948,0.9074,0.9012
"140","MA",900,"asexual_diploid",0.9069,0.9279,0.9229,0.9133,0.9228,0.9088,0.9132,0.9086,0.9263,0.9139,0.9228,0.8968,0.9228,0.9214,0.9205,0.8995,0.9177,0.9235,0.896,0.9199,0.9191,0.9082,0.9066,0.9056,0.9195,0.9162,0.9042,0.9124,0.9244,0.905,0.919,0.9066,0.9132,0.914,0.9061,0.9216,0.9103,0.9046,0.9071,0.904,0.8813,0.9038,0.9136,0.9126,0.9096,0.9107,0.9076,0.9156,0.894,0.8969
"141","MA",900,"asexual_diploid",0.9072,0.9126,0.9241,0.9158,0.9154,0.9182,0.9083,0.9197,0.9141,0.905,0.9035,0.9201,0.9183,0.9183,0.915,0.9171,0.8878,0.9036,0.9261,0.9122,0.9123,0.891,0.9099,0.8886,0.9144,0.908,0.886,0.9108,0.9065,0.9192,0.905,0.9188,0.9046,0.9111,0.8952,0.8944,0.9223,0.9173,0.9043,0.9149,0.9004,0.8863,0.906,0.9048,0.9068,0.8978,0.9129,0.9237,0.8999,0.9
"142","MA",900,"sexual",0.9148,0.9339,0.9235,0.9258,0.9334,0.9282,0.9278,0.9199,0.9276,0.9228,0.9249,0.9246,0.9199,0.9311,0.9234,0.9243,0.921,0.9061,0.9269,0.9209,0.9067,0.9016,0.9121,0.8928,0.921,0.9039,0.9021,0.9208,0.9088,0.9059,0.9088,0.9046,0.902,0.9152,0.8822,0.9142,0.9283,0.91,0.9099,0.9095,0.8994,0.8968,0.9002,0.9097,0.9081,0.903,0.9153,0.9006,0.9071,0.9033
"143","MA",900,"sexual",0.9301,0.9332,0.9282,0.926,0.9166,0.9189,0.9283,0.9248,0.9335,0.9299,0.9286,0.9367,0.9311,0.9131,0.917,0.9297,0.9193,0.9099,0.9256,0.9173,0.9014,0.9119,0.9169,0.9236,0.9163,0.9263,0.924,0.9116,0.8965,0.8882,0.9015,0.9084,0.9059,0.903,0.8981,0.915,0.9282,0.9165,0.9047,0.8929,0.9127,0.9132,0.9063,0.9152,0.8832,0.9141,0.9096,0.8965,0.9152,0.9007
"144","MA",900,"sexual",0.9252,0.927,0.9269,0.9278,0.933,0.9143,0.9246,0.9158,0.9329,0.9178,0.9308,0.9226,0.9193,0.925,0.9189,0.9065,0.9241,0.9232,0.9098,0.9223,0.925,0.9114,0.9084,0.9065,0.9103,0.9114,0.8947,0.9005,0.9202,0.9121,0.921,0.8961,0.915,0.9071,0.9142,0.9148,0.9126,0.8985,0.9009,0.8964,0.8912,0.9189,0.9181,0.9104,0.9158,0.8996,0.9128,0.9047,0.922,0.8974
"145","MA",1000,"asexual_diploid",0.9146,0.9154,0.9267,0.9232,0.9158,0.9226,0.9068,0.9121,0.922,0.9131,0.908,0.9167,0.9122,0.9208,0.9112,0.9124,0.9017,0.9021,0.9208,0.9213,0.9106,0.8962,0.9072,0.8992,0.9073,0.9159,0.8968,0.9183,0.9156,0.9074,0.9009,0.9237,0.9151,0.9063,0.9024,0.8971,0.9223,0.905,0.9175,0.9083,0.8909,0.8941,0.9003,0.9066,0.8989,0.9046,0.9069,0.9152,0.9011,0.8971
"146","MA",1000,"asexual_diploid",0.9144,0.9217,0.9267,0.923,0.9112,0.8922,0.9135,0.9065,0.9229,0.9197,0.9266,0.9172,0.9266,0.9117,0.908,0.9252,0.9127,0.9185,0.9034,0.9132,0.9139,0.9066,0.9155,0.9058,0.9037,0.9197,0.9231,0.9067,0.901,0.9064,0.9009,0.909,0.8989,0.895,0.9164,0.9058,0.9193,0.9041,0.9052,0.8981,0.909,0.903,0.9066,0.9113,0.9038,0.9163,0.9086,0.9015,0.912,0.901
"147","MA",1000,"asexual_diploid",0.914,0.9203,0.9168,0.9174,0.9202,0.9224,0.9076,0.9144,0.9303,0.9132,0.9223,0.9003,0.9155,0.9216,0.9172,0.9005,0.9152,0.9174,0.8979,0.916,0.9159,0.8953,0.9063,0.9055,0.9167,0.9047,0.8971,0.9041,0.9187,0.9066,0.9157,0.9011,0.913,0.9114,0.9003,0.9195,0.9181,0.9022,0.9015,0.8939,0.8793,0.9164,0.914,0.91,0.9123,0.9032,0.9036,0.9084,0.907,0.8861
"148","MA",1000,"sexual",0.9178,0.9232,0.9362,0.9278,0.927,0.9356,0.9237,0.9267,0.9298,0.9257,0.9292,0.9201,0.9162,0.9155,0.9217,0.918,0.9207,0.9156,0.9277,0.9169,0.9152,0.9003,0.9264,0.9113,0.9243,0.9107,0.9099,0.9015,0.8988,0.8961,0.9133,0.9082,0.8883,0.9133,0.8967,0.8933,0.9256,0.9047,0.9164,0.9187,0.8958,0.8978,0.9103,0.908,0.8947,0.9004,0.9216,0.9065,0.9056,0.8938
"149","MA",1000,"sexual",0.9251,0.9286,0.9181,0.9252,0.92,0.92,0.9271,0.9244,0.9304,0.916,0.9355,0.936,0.9316,0.917,0.9101,0.9205,0.9218,0.9211,0.9053,0.9189,0.9255,0.9255,0.9212,0.9107,0.9194,0.9244,0.9247,0.917,0.8922,0.8947,0.8968,0.9017,0.8949,0.9007,0.9075,0.9066,0.9172,0.9183,0.9013,0.9079,0.9091,0.9024,0.8948,0.9187,0.9133,0.9071,0.8995,0.892,0.916,0.8986
"150","MA",1000,"sexual",0.9186,0.9264,0.9358,0.9337,0.9323,0.9332,0.9241,0.9199,0.9314,0.9265,0.9395,0.9264,0.9266,0.9359,0.9264,0.9067,0.9236,0.9274,0.8993,0.9141,0.9242,0.9075,0.9063,0.8999,0.9263,0.923,0.8938,0.9,0.9232,0.9052,0.9288,0.8966,0.9098,0.9066,0.9024,0.9267,0.9157,0.9061,0.9031,0.8961,0.8787,0.9034,0.9248,0.9289,0.9198,0.9099,0.9125,0.9097,0.9019,0.9018
"151","MA",1200,"asexual_diploid",0.9168,0.9239,0.9145,0.9208,0.9138,0.9091,0.9215,0.9136,0.9288,0.9236,0.9202,0.919,0.9207,0.9089,0.9126,0.9137,0.9085,0.9228,0.9129,0.9203,0.9002,0.9105,0.9155,0.9056,0.9053,0.9205,0.9246,0.9139,0.8985,0.8984,0.9002,0.9078,0.8981,0.9024,0.9085,0.9075,0.9177,0.9007,0.903,0.8997,0.9055,0.9087,0.8941,0.9044,0.8891,0.909,0.9013,0.8983,0.9195,0.8976
"152","MA",1200,"asexual_diploid",0.9059,0.9203,0.9174,0.916,0.9181,0.9251,0.9115,0.9142,0.9278,0.9201,0.9262,0.922,0.9132,0.9221,0.9077,0.9171,0.8947,0.9098,0.9188,0.9114,0.911,0.8948,0.9031,0.9083,0.9209,0.9107,0.8946,0.9144,0.9097,0.9129,0.9031,0.9203,0.9017,0.9099,0.9024,0.8937,0.9206,0.9007,0.9131,0.9171,0.9067,0.8938,0.9067,0.9045,0.904,0.9133,0.9079,0.9234,0.9155,0.8996
"153","MA",1200,"asexual_diploid",0.9093,0.9248,0.9213,0.9231,0.928,0.9226,0.9149,0.9198,0.9305,0.9107,0.9266,0.9022,0.9194,0.9164,0.9162,0.896,0.9156,0.9134,0.9011,0.9147,0.9143,0.9065,0.9028,0.9049,0.9169,0.9161,0.8925,0.8952,0.9292,0.9024,0.9183,0.8966,0.9126,0.9095,0.8984,0.914,0.9125,0.9099,0.908,0.8993,0.8777,0.9083,0.9133,0.9122,0.9147,0.9043,0.9099,0.9107,0.9136,0.8991
"154","MA",1200,"sexual",0.941,0.9263,0.9312,0.9288,0.923,0.9177,0.9312,0.9342,0.9327,0.9284,0.9392,0.9392,0.9281,0.926,0.9044,0.9217,0.924,0.9289,0.9226,0.9181,0.9198,0.9231,0.9188,0.9106,0.9143,0.9269,0.9186,0.9137,0.8995,0.9021,0.922,0.8852,0.9106,0.9047,0.9055,0.9139,0.9184,0.9207,0.8999,0.9193,0.9005,0.9024,0.9098,0.9122,0.902,0.914,0.9033,0.8917,0.9092,0.8955
"155","MA",1200,"sexual",0.925,0.9271,0.9278,0.9301,0.9295,0.9285,0.9344,0.926,0.9369,0.937,0.9258,0.9223,0.9225,0.9386,0.9257,0.9076,0.9306,0.9275,0.9098,0.9219,0.917,0.9047,0.9091,0.905,0.92,0.9082,0.9021,0.8975,0.9234,0.9089,0.9202,0.9199,0.918,0.8986,0.9044,0.9327,0.91,0.8996,0.9142,0.8914,0.8874,0.9066,0.9216,0.915,0.9191,0.91,0.9127,0.9099,0.9075,0.9052
"156","MA",1200,"sexual",0.9316,0.9245,0.9307,0.9252,0.9258,0.9278,0.926,0.9254,0.9301,0.9377,0.9307,0.9312,0.9283,0.9321,0.9167,0.9228,0.9092,0.9176,0.932,0.922,0.9054,0.894,0.9242,0.8985,0.919,0.9292,0.8949,0.9168,0.9165,0.9134,0.8878,0.9236,0.9064,0.9145,0.8932,0.8859,0.9243,0.9197,0.9099,0.9002,0.8997,0.8923,0.9007,0.9121,0.9095,0.902,0.918,0.8978,0.9099,0.9092
"157","MA",1500,"asexual_diploid",0.9251,0.9202,0.9256,0.9194,0.9109,0.9113,0.9196,0.9126,0.927,0.9287,0.925,0.9249,0.9271,0.9124,0.9036,0.925,0.9068,0.915,0.9006,0.9166,0.9174,0.9126,0.9158,0.9104,0.9037,0.9201,0.9277,0.9044,0.9084,0.9066,0.9034,0.905,0.9021,0.8898,0.8977,0.9098,0.9231,0.9011,0.9131,0.9054,0.9038,0.9078,0.8941,0.9128,0.8964,0.9208,0.8973,0.8993,0.9148,0.8937
"158","MA",1500,"asexual_diploid",0.9054,0.9242,0.9251,0.9171,0.9299,0.9186,0.9194,0.9197,0.9323,0.9145,0.9242,0.9004,0.919,0.9222,0.9227,0.901,0.9222,0.9213,0.9119,0.9214,0.9146,0.906,0.9087,0.91,0.9169,0.9166,0.8957,0.9138,0.9258,0.9101,0.9202,0.9017,0.9145,0.9148,0.8955,0.9161,0.913,0.906,0.9082,0.9056,0.8791,0.9093,0.9201,0.9134,0.9125,0.9007,0.909,0.9089,0.9082,0.8905
"159","MA",1500,"asexual_diploid",0.9134,0.9162,0.9179,0.9192,0.923,0.9272,0.9113,0.9163,0.928,0.916,0.9192,0.9228,0.9196,0.9211,0.9086,0.914,0.8998,0.9107,0.927,0.9215,0.9209,0.9021,0.9073,0.8975,0.9145,0.9137,0.897,0.9069,0.9119,0.909,0.9093,0.9167,0.9006,0.9133,0.8994,0.9052,0.923,0.913,0.9181,0.9125,0.9025,0.8926,0.9058,0.9003,0.9055,0.908,0.902,0.9063,0.901,0.9058
"160","MA",1500,"sexual",0.9361,0.9333,0.9381,0.9262,0.9318,0.9328,0.9377,0.9314,0.93,0.937,0.9369,0.9303,0.9337,0.925,0.9256,0.9316,0.9178,0.9271,0.9267,0.9169,0.9186,0.9207,0.9222,0.9176,0.9116,0.9224,0.9296,0.8978,0.9073,0.8921,0.905,0.9113,0.8988,0.9047,0.9032,0.906,0.9191,0.9057,0.9174,0.902,0.8959,0.922,0.8921,0.9093,0.8894,0.9221,0.9014,0.9018,0.9189,0.9133
"161","MA",1500,"sexual",0.9332,0.935,0.9373,0.9336,0.9365,0.932,0.9351,0.9355,0.9357,0.9371,0.929,0.9374,0.9279,0.9396,0.922,0.9343,0.9223,0.9139,0.9355,0.929,0.9177,0.9141,0.9192,0.9079,0.9165,0.9115,0.8976,0.9088,0.9059,0.9225,0.906,0.9241,0.8958,0.9055,0.8981,0.9033,0.9207,0.9138,0.9088,0.9171,0.9082,0.9187,0.8964,0.8931,0.9153,0.9069,0.9156,0.9138,0.8949,0.8987
"162","MA",1500,"sexual",0.9268,0.9275,0.9426,0.9269,0.9343,0.9334,0.9359,0.9439,0.9396,0.9308,0.9359,0.9302,0.9378,0.9333,0.9287,0.9266,0.9278,0.9218,0.9074,0.9267,0.9166,0.916,0.911,0.9115,0.92,0.9145,0.92,0.9127,0.9201,0.9082,0.9206,0.9092,0.9295,0.9119,0.9026,0.9252,0.9175,0.9098,0.909,0.9013,0.8982,0.9051,0.9113,0.9092,0.9086,0.9062,0.9105,0.9208,0.8931,0.8886
"163","MA",2000,"asexual_diploid",0.9063,0.9127,0.9315,0.922,0.9277,0.9232,0.9176,0.9262,0.9218,0.9193,0.9134,0.9225,0.9171,0.9287,0.9166,0.929,0.8995,0.9072,0.9298,0.9191,0.9166,0.8995,0.9052,0.9048,0.9192,0.9142,0.8866,0.906,0.9095,0.9062,0.8999,0.9102,0.9031,0.9163,0.9025,0.8975,0.9253,0.9134,0.918,0.9093,0.9058,0.8897,0.9081,0.9179,0.9052,0.9103,0.9173,0.9035,0.8894,0.9065
"164","MA",2000,"asexual_diploid",0.9207,0.9207,0.923,0.9249,0.914,0.9102,0.9226,0.9198,0.9279,0.9272,0.9274,0.9255,0.924,0.9174,0.9074,0.9154,0.9117,0.9234,0.9125,0.9152,0.9143,0.9135,0.9178,0.9097,0.9179,0.9243,0.9292,0.8999,0.8924,0.9109,0.9042,0.9141,0.896,0.9071,0.8984,0.9111,0.9154,0.9113,0.9015,0.9048,0.9055,0.9023,0.9068,0.9156,0.893,0.9178,0.9003,0.8955,0.908,0.9003
"165","MA",2000,"asexual_diploid",0.918,0.9273,0.9355,0.9164,0.9159,0.9303,0.9271,0.9271,0.9272,0.9154,0.9262,0.9119,0.9205,0.9287,0.9229,0.9014,0.922,0.9177,0.9059,0.9192,0.917,0.9027,0.9101,0.8996,0.9241,0.9128,0.9009,0.909,0.9248,0.9077,0.9214,0.9027,0.9112,0.9158,0.9009,0.9134,0.9139,0.9054,0.9173,0.904,0.8766,0.913,0.918,0.9162,0.9172,0.9039,0.9194,0.9059,0.8931,0.9007
"166","MA",2000,"sexual",0.9334,0.9322,0.9388,0.9355,0.9417,0.9398,0.9355,0.938,0.9337,0.9351,0.9395,0.9373,0.931,0.942,0.9344,0.9351,0.9196,0.9233,0.9232,0.9241,0.9219,0.9239,0.9171,0.9167,0.9184,0.9185,0.9141,0.9122,0.9135,0.9059,0.9159,0.922,0.8967,0.914,0.9019,0.9025,0.9214,0.9211,0.9047,0.9049,0.9042,0.8937,0.906,0.908,0.8958,0.8993,0.9051,0.9202,0.9015,0.9104
"167","MA",2000,"sexual",0.9403,0.9385,0.9325,0.9384,0.941,0.9418,0.9413,0.9393,0.9386,0.9392,0.9392,0.9415,0.9416,0.9356,0.9366,0.9385,0.9258,0.9356,0.923,0.9318,0.9253,0.9343,0.9145,0.9146,0.9077,0.9236,0.9319,0.9115,0.8991,0.8926,0.9055,0.9041,0.9015,0.9077,0.8974,0.909,0.9202,0.9204,0.902,0.9068,0.9107,0.9167,0.9104,0.91,0.9013,0.9122,0.9027,0.8958,0.897,0.897
"168","MA",2000,"sexual",0.9351,0.9348,0.9411,0.937,0.9385,0.9376,0.9324,0.9356,0.9368,0.9356,0.9342,0.936,0.9381,0.942,0.9277,0.9231,0.9344,0.9334,0.9318,0.9218,0.9248,0.9177,0.9107,0.9266,0.9149,0.9211,0.9145,0.9081,0.9092,0.9153,0.9301,0.9005,0.9203,0.9034,0.9155,0.9298,0.9166,0.8916,0.9033,0.9053,0.879,0.9185,0.9143,0.9111,0.9061,0.9072,0.9065,0.9047,0.9074,0.8934
"169","MA",2500,"asexual_diploid",0.9306,0.9213,0.9249,0.9255,0.9257,0.9072,0.9264,0.9174,0.9286,0.9208,0.9261,0.927,0.9238,0.9248,0.9132,0.9244,0.9194,0.9199,0.9206,0.9126,0.9095,0.9094,0.9203,0.9073,0.9136,0.9247,0.9252,0.9154,0.8953,0.8904,0.9018,0.9121,0.9002,0.9014,0.9,0.9104,0.9183,0.9037,0.914,0.9068,0.9033,0.9149,0.9012,0.9093,0.9032,0.9142,0.8989,0.8961,0.9117,0.895
"170","MA",2500,"asexual_diploid",0.9169,0.9219,0.9265,0.9257,0.9291,0.9276,0.9205,0.9198,0.9333,0.921,0.9338,0.9125,0.9215,0.9229,0.9274,0.909,0.9221,0.9228,0.9014,0.9169,0.9162,0.9044,0.9084,0.9125,0.9211,0.9186,0.8994,0.9062,0.9267,0.9093,0.919,0.9015,0.9151,0.9085,0.9038,0.914,0.9146,0.908,0.9035,0.9054,0.8887,0.9107,0.9079,0.9167,0.9117,0.9059,0.9114,0.9115,0.9083,0.8975
"171","MA",2500,"asexual_diploid",0.9201,0.9274,0.921,0.9156,0.928,0.9269,0.9228,0.921,0.9253,0.9192,0.914,0.9267,0.9206,0.9208,0.9073,0.9151,0.9083,0.9027,0.9275,0.9183,0.9065,0.9045,0.9023,0.8875,0.9191,0.9154,0.8981,0.9135,0.9167,0.912,0.9201,0.9225,0.8996,0.9132,0.8985,0.9044,0.9221,0.9134,0.9105,0.9106,0.9013,0.889,0.9013,0.8948,0.9098,0.9069,0.9037,0.907,0.905,0.9006
"172","MA",2500,"sexual",0.9411,0.9424,0.9441,0.9453,0.9432,0.9407,0.9394,0.9394,0.9322,0.9398,0.9346,0.9385,0.9333,0.9441,0.9292,0.932,0.9353,0.9287,0.9336,0.9322,0.9065,0.9076,0.9204,0.9059,0.9235,0.9231,0.8888,0.905,0.9234,0.9178,0.9163,0.9234,0.9019,0.9169,0.9157,0.8898,0.9174,0.9083,0.9103,0.9203,0.9046,0.897,0.8998,0.9128,0.918,0.9152,0.9227,0.915,0.9031,0.8972
"173","MA",2500,"sexual",0.9348,0.9415,0.9387,0.9355,0.9437,0.94,0.9383,0.94,0.9435,0.9401,0.9431,0.9322,0.9325,0.9452,0.9366,0.9284,0.9176,0.9355,0.9257,0.921,0.9231,0.9228,0.9285,0.9114,0.9228,0.9178,0.8948,0.9083,0.9255,0.9091,0.9176,0.9028,0.9181,0.9235,0.9079,0.9191,0.9105,0.9089,0.9175,0.9004,0.8751,0.9033,0.912,0.9036,0.9102,0.9062,0.9033,0.913,0.9054,0.8937
"174","MA",2500,"sexual",0.9431,0.932,0.9426,0.9382,0.9369,0.9431,0.9398,0.9424,0.94,0.9441,0.9439,0.9386,0.9417,0.937,0.9338,0.9391,0.9224,0.9429,0.9284,0.9217,0.9291,0.9211,0.9281,0.9163,0.9192,0.9262,0.9277,0.9091,0.9025,0.9215,0.9161,0.8946,0.9258,0.8952,0.8991,0.9032,0.9148,0.899,0.9134,0.9141,0.9035,0.9059,0.896,0.9097,0.8879,0.9152,0.9082,0.8977,0.9121,0.9102
"175","MA",3000,"asexual_diploid",0.9158,0.9296,0.9271,0.9286,0.9202,0.9218,0.9244,0.9193,0.9341,0.9219,0.9341,0.9202,0.9197,0.9294,0.9263,0.9092,0.9231,0.9199,0.9091,0.924,0.9133,0.9043,0.9038,0.9006,0.9143,0.9095,0.8925,0.9174,0.9231,0.9058,0.921,0.9109,0.9122,0.9118,0.8991,0.9224,0.917,0.8997,0.9115,0.9006,0.8888,0.921,0.9119,0.9164,0.918,0.9153,0.9118,0.9154,0.8968,0.8981
"176","MA",3000,"asexual_diploid",0.9329,0.9253,0.9285,0.9308,0.9197,0.9235,0.9244,0.9264,0.9337,0.9296,0.9247,0.9306,0.9291,0.9231,0.9084,0.9257,0.9121,0.9209,0.9109,0.913,0.9148,0.916,0.9185,0.9115,0.9201,0.9274,0.9235,0.91,0.9071,0.9026,0.9072,0.9116,0.9096,0.9077,0.9034,0.9116,0.9176,0.9092,0.9077,0.9002,0.908,0.9029,0.9062,0.9087,0.898,0.9161,0.9056,0.8868,0.9151,0.9107
"177","MA",3000,"asexual_diploid",0.9226,0.9168,0.9332,0.9308,0.9279,0.9325,0.9127,0.9198,0.9283,0.9268,0.9225,0.9264,0.9173,0.9166,0.9201,0.9263,0.9152,0.9145,0.9254,0.9159,0.9076,0.9015,0.9039,0.9021,0.9153,0.922,0.8913,0.9011,0.9052,0.9106,0.9077,0.9187,0.9026,0.9159,0.8998,0.901,0.9243,0.9051,0.9119,0.9118,0.9004,0.8938,0.9116,0.9104,0.9086,0.8946,0.9174,0.9104,0.9007,0.9002
"178","MA",3000,"sexual",0.9376,0.9434,0.9431,0.941,0.9433,0.9411,0.9391,0.9403,0.9414,0.9412,0.939,0.9426,0.9434,0.9401,0.9279,0.9411,0.9267,0.9335,0.9315,0.93,0.928,0.9328,0.9292,0.917,0.9173,0.932,0.9303,0.912,0.8981,0.9218,0.9013,0.9103,0.8977,0.9066,0.8963,0.9143,0.917,0.8919,0.9098,0.902,0.9116,0.9111,0.9089,0.8999,0.8935,0.9171,0.9105,0.9078,0.9089,0.8972
"179","MA",3000,"sexual",0.9397,0.9361,0.9424,0.9435,0.9406,0.945,0.9416,0.9444,0.9419,0.9433,0.942,0.9399,0.9334,0.9457,0.9306,0.9391,0.9358,0.9321,0.939,0.9324,0.9274,0.9161,0.9149,0.9276,0.928,0.9302,0.9041,0.91,0.9128,0.9076,0.8992,0.9149,0.9173,0.9194,0.9167,0.9022,0.9243,0.9014,0.9058,0.9256,0.901,0.8913,0.9052,0.9083,0.895,0.9076,0.9216,0.91,0.8997,0.8981
"180","MA",3000,"sexual",0.9384,0.9405,0.9391,0.9443,0.9441,0.9422,0.9398,0.9422,0.9448,0.9405,0.9402,0.939,0.9437,0.9389,0.9378,0.928,0.9386,0.9336,0.9217,0.931,0.9291,0.9136,0.9217,0.9085,0.9272,0.9063,0.9112,0.9004,0.9255,0.9176,0.9181,0.9106,0.9098,0.9072,0.8973,0.9185,0.9146,0.9061,0.9156,0.9081,0.8806,0.9227,0.915,0.9158,0.9051,0.911,0.9113,0.9111,0.9096,0.8956
